[ 
  {"model": "auth.user", "pk": 12, "fields": {"password": "pbkdf2_sha256$150000$IWAELgq3ChVg$9/cYOf6E+1r2D9ctl0ESEzvxsj289LNBhTm4V1PSItA=", "last_login": "2019-05-23T04:51:42.885Z", 
    "is_superuser": true, "username": "marcoco", "first_name": "Marcomir", "last_name": "Bracegirdle", "email": "marcomir_bradegirdle@theshire.com", "is_staff": false, "is_active": true, 
    "date_joined": "2019-05-23T04:51:20.905Z", "groups": [], "user_permissions": []}}, 
  {"model": "auth.user", "pk": 20, "fields": {"password": "pbkdf2_sha256$150000$0D1qv5f05A03$suDd4IRvx3fqdcWc9qu1k2iA8MsAJBDlqYyt5PZKfrM=", "last_login": "2019-05-23T04:51:42.885Z", 
    "is_superuser": false, "username": "pickles", "first_name": "Pickle", "last_name": "Salad", "email": "pickles@jar.com", "is_staff": false, "is_active": true, 
    "date_joined": "2019-05-23T04:51:20.905Z", "groups": [], "user_permissions": []}}, 
  {"model": "auth.user", "pk": 22, "fields": {"password": "pbkdf2_sha256$150000$ZJrCrzRsFRBY$5Ffe6LpYiUbsH826RkppZ2mB03Jug+vN1q+ipaje360=", "last_login": "2019-05-23T04:51:42.885Z", 
    "is_superuser": false, "username": "peanut_mom", "first_name": "Mariah", "last_name": "Mentel", "email": "mariah@steelandlacquer.com", "is_staff": false, "is_active": true, 
    "date_joined": "2019-05-23T04:51:20.905Z", "groups": [], "user_permissions": []}}, 
  {"model": "auth.user", "pk": 15, "fields": {"password": "pbkdf2_sha256$150000$ZJrCrzRsFRBY$5Ffe6LpYiUbsH826RkppZ2mB03Jug+vN1q+ipaje360=", "last_login": "2019-05-23T04:51:42.885Z", 
    "is_superuser": false, "username": "gorgeous", "first_name": "Hardy", "last_name": "BeeCee", "email": "sariah@amalg.com", "is_staff": false, "is_active": true, 
    "date_joined": "2019-05-23T04:51:20.905Z", "groups": [], "user_permissions": []}}, 
  {"model": "auth.user", "pk": 33, "fields": {"password": "pbkdf2_sha256$150000$ZJrCrzRsFRBY$5Ffe6LpYiUbsH826RkppZ2mB03Jug+vN1q+ipaje360=", "last_login": "2019-05-23T04:51:42.885Z", 
    "is_superuser": false, "username": "grover_presley", "first_name": "Grover", "last_name": "Presley", "email": "grov@presleyfam.com", "is_staff": false, "is_active": true, 
    "date_joined": "2019-05-23T04:51:20.905Z", "groups": [], "user_permissions": []}}, 
  {"model": "accounts.profile", "pk": 25, "fields": {"user": 12, "location": "San Francisco, CA", "website": "www.google.com", "email_public": true}},
  {"model": "accounts.profile", "pk": 28, "fields": {"user": 20, "location": "San Francisco, CA", "website": "www.google.com", "email_public": true}},
  {"model": "accounts.profile", "pk": 11, "fields": {"user": 22, "location": "San Francisco, CA", "website": "www.google.com", "email_public": false}},
  {"model": "accounts.profile", "pk": 19, "fields": {"user": 15, "location": "San Francisco, CA", "website": "www.google.com", "email_public": false}},
  {"model": "accounts.profile", "pk": 15, "fields": {"user": 33, "location": "San Francisco, CA", "website": "www.google.com", "email_public": false}},
  {"model": "chunes_api.tag", "pk": 1, "fields": {"content": "irish"}},
  {"model": "chunes_api.tag", "pk": 2, "fields": {"content": "italian"}},
  {"model": "chunes_api.tag", "pk": 3, "fields": {"content": "old-time"}},
  {"model": "chunes_api.tag", "pk": 4, "fields": {"content": "original"}},
  {"model": "chunes_api.tag", "pk": 5, "fields": {"content": "trad"}},
  {"model": "chunes_api.tag", "pk": 6, "fields": {"content": "africa"}},
  {"model": "chunes_api.tag", "pk": 7, "fields": {"content": "germany"}},
  {"model": "chunes_api.tag", "pk": 8, "fields": {"content": "spain"}},
  {"model": "chunes_api.tune", "pk": 1, "fields": { "title": "El Chinchecle", "is_public":true, "poster":25, "fork_off":null, "tags":[8], "additional_info":null, "tune_type":"bourrée", "time_signature":"2/4", "default_note_length":"1/16", "key_signature":"C", "melody_line":"|:C2|G2 GA GF|E2E2F2|D2D2G2|E2E2C2|G2 GA GF|E2E2F2|\nD2D2G2|C4:|\n|:G2|c4 c2|BG F2F2|G4 A2|A2G2G2|c4 c2|BG F2F2|G4A2|\nA2G2G2|A4 G2|F2D2D2|G4 F2|E2C2C2|E2EDC2|G2G2G2|\nF2E2D2|E2C2C2|E2EDC2|G2G2G2|F2E2D2|C4:|\nz2|:A2|G2C2G2 FE|F2 ED C2C2|D2E2F2 ED|E2G2F2E2|\nE2G2F2D2|C4:|"}},
  {"model": "chunes_api.tune", "pk": 2, "fields": { "title": "Dance de Sta. Orosia", "is_public":true, "poster":11, "fork_off":null, "tags":[8], "additional_info":null, "time_signature":"2/4", "default_note_length":"1/8", "melody_line":"|:GGGA|B2Bc|A2c2|B2dd|ddgd|e2AA|dddd|G2dd|ddgd|e2AA|\ndddd|G4|dddd|d2cc|c2e2|d2dd|dded|g2dd|ccBA|G2dd|\ndddd|d2cc|BBAA|1G4:|2G2\n dd|:cAdd|BGz d/2d/2|cAdd|\nB2zd/2d/2|cAdd|BGz d/2d/2|cAdd|G2GB|d>Bce|d2cc\n|B>BAA|G2GB|d>Bce|d2cc|B>BAA|1G2dd:|2G2\ne2|:e2ee|e2dd|c2dd|e2ee|eeee|e2dd\n|c2d2|c2e2|A2AA|c2e2|A4|e2d2|1c4-|c2e2:|2c6"}},
  {"model": "chunes_api.tune", "pk": 3, "fields": { "title": "Gozos de san Martín de Tours", "is_public": true, "poster":25, "fork_off":null, "tags":[8], "additional_info":null, "key_signature": "Dm", "melody_line":"AAGFG2FA2G2|A2G2FGF2EDD2|DEF2FG2BAGA2|ABcAB2AG2F2|\n|:A2A2GFG2FA2G2|A2G2FGF2EDD2>|DEF2FG2BAGA2|ABcAB2AG2F2|\nAAGFG2FA2G2|A2G2FGF2EDD2|DEF2FG2BAGA2|ABcAB2AG2F2:|"}},
  {"model": "chunes_api.tune", "pk": 4, "fields": { "title": "la Culebra", "is_public": true, "poster":25, "fork_off":null, "tags":[8], "additional_info":null, "time_signature": "2/4", "default_note_length": "1/8", "melody_line":"|:d>e/d/c/d/e/|dd/d/ de|dc cd|B/c/B/A/ GG:|\nc>d/cB|A2>A/B/|c>B/AB|G>G/GG|\nc>d/cB|A2>G/A/B/c/|d/e/d/c/BA|G2|"}},
  {"model": "chunes_api.tune", "pk": 5, "fields": { "title": "tran,tran, trala", "is_public": true, "poster":28, "fork_off":null, "tags":[8], "additional_info":null, "time_signature": "2/4", "default_note_length": "1/8", "melody_line":"|:Gd|dBGd|dBGd|de^fe/2d/2|c2 \n  Dc|cADc|cADc|cded/2c/2|B2\n  Gd|dBGd|dBGd|de^fe/2d/2|c2 \n  Dc|cADc|cADc|cded/2c/2|B2 :|"}},
  {"model": "chunes_api.tune", "pk": 6, "fields": {"title":"Kerry Polka","tune_type":"Polka","time_signature":"2/4","default_note_length":"1/16","key_signature":"D","melody_line":"|:f2A2 B2A2|f2A2 B2A2|d4 e3f|e2d2 B2A2|\nf2A2 B2A2|f2A2 B2A2|d4 e3f|e2d2 d4:|\n|:f2a2 f2e2|e2d2 B2A2|d4 e3f|e2d2 B2A2|\nf2a2 f2e2|e2d2 B2A2|d4 e3f|e2d2 d4:|","is_public":true,"poster":15}},
{"model": "chunes_api.tune", "pk": 7, "fields": {"title":"Knocknaborough Polka","tune_type":"Polka","default_note_length":"1/8","key_signature":"D","additional_info":"C:Trad","melody_line":"M:C|\n|:G2D2 G3A|B2d2 e4|d2B2 BAGA|B2A2 A4|\nG2D2 G3A|B2d2 e4|d2B2 A2BA|G4 G4:|\n|:g2f2 e2d2|e2f2 g2e2|d2B2 BAGA|B2A2 A4|\ng2f2 e2d2|e2f2 g2e2|d2B2 A2BA|G4 G4:|","is_public":true,"poster":19}},
{"model": "chunes_api.tune", "pk": 8, "fields": {"title":"Denis Murphy's Polka","tune_type":"polka","time_signature":"2/4","default_note_length":"1/16","key_signature":"D","additional_info":"S:John B. Walsh","melody_line":"|:fgfe d3B|A2D2 F2A2|G2E2 e3d|c2B2 B2A2|\nfgfe d3B|A2D2 F2A2|G2E2 e3f|e2d2 d3:|\n|:B|A2f2 fef2|A2g2 gfg2|A2f2 fef2|efed B2A2|\nA2f2 fef2|A2g2 g3a|b2a2 g2c2|e2d2 d3:|","is_public":true,"poster":19}},
{"model": "chunes_api.tune", "pk": 9, "fields": {"title":"Forty Pound Float","tune_type":"Polka","time_signature":"2/4","default_note_length":"1/16","key_signature":"D","additional_info":"C:Trad\nS:Black Book","melody_line":"|:d2d2 BcdB|A2F2 A2F2|d2d2 BcdB|A2F2 E2D2|\nd2d2 BcdB|A2F2 A2de|f2d2 edc2|d4 d2:|\n|:de|f2d2 d2ef|g2f2 e2de|f2d2 A2d2|f2df a3g|\nf2d2 d2ef|g2f2 e2de|f2d2 edc2|[1 d4 d2:|[2 d4 d4","is_public":true,"poster":28}},
{"model": "chunes_api.tune", "pk": 10, "fields": {"title":"Salmon Tails Up the Water","tune_type":"Polka","time_signature":"2/4","default_note_length":"1/8","key_signature":"G","additional_info":"C:via PR\nS:Nottingham Music Database","melody_line":"GE|\"G\"D>E DB,|DG G>A|Bd \"D\"AB/2A/2|\"C\"GE \"D\"cE|\n\"G\"D>E DB,|DG G>A|Bd \"D7\"AB/2A/2|\"G\"G2 G2:|\nBd d2|\"C\"ce e2|\"G\"dB \"D\"AB/2A/2|\"C\"GE \"D\"D2|\n\"G\"Bd d2|\"C\"ce e>f|\"G\"ge fd|\"Em\"e2 e>f|\nge fd|e/f/e/d/ B>A|Bd AB/A/|GE cE|\n\"G\"D>E DB,|DG G>A|Bd AB/A/|G2 G2:|","is_public":true,"poster":25}},
{"model": "chunes_api.tune", "pk": 11, "fields": {"title":"Harper's Frolic","tune_type":"Polka","time_signature":"2/4","default_note_length":"1/8","key_signature":"D","melody_line":"A/2G/2|:FA DA/2G/2|FA Dd|cd ec|d/2c/2d/2e/2 dA/2G/2|\nFA DA/2G/2|FA Dd|cd e/2d/2c|[1 d2 dA/2G/2:|[2 d2 d>e||\n|:fd d/2e/2f|ge e/2f/2g|fd df|e/2d/2c/2B/2 A3/e/|\nfd d/2e/2f|ge e/2f/2g|f/2e/2d e/2d/2c|[1 d2 d3/e/:|[2 d2 d2:|","is_public":true,"poster":15}},
{"model": "chunes_api.tune", "pk": 12, "fields": {"title":"Bill Sullivan's Polka","tune_type":"polka","time_signature":"2/4","default_note_length":"1/16","key_signature":"G","additional_info":"C:trad.\nS:Kevin Burke \"If the Cap fits\" and Cliff Cole","melody_line":"|:g4 g3e|d2B2 g3e|d2B2 g3e|d2B2 A2G2|\ng4 g3e|d2B2 g4|B2d2 A3B|1 A2G2 G4:|2 A2G2 G3A||\n|:B2d2 d3B|c2e2 e3c|B2d2 d2GA|B2A2 A2GA|\nB2d2 d3B|c2e2 e4|B2d2 A3B|A2G2 G4:|","is_public":true,"poster":15}},
{"model": "chunes_api.tune", "pk": 13, "fields": {"title":"Ger the Rigger","tune_type":"polka","time_signature":"2/4","default_note_length":"1/16","key_signature":"A","additional_info":"Q:1/4=121","melody_line":"|e2A2 e2A2|efed c2A2|d4 defg|a2e2 f2e2|\ne2A2 e2A2|efed c2A2|d2fd c2ec|BABc A2:|\n|:(3e2f2g2|a2e2 fece|a2e2 fecA|d4 defg|a2e2 f2e2|\na2e2 fece|a2e2 fecA|d2fd c2ec|BABc A2:|","is_public":true,"poster":28}},
{"model": "chunes_api.tune", "pk": 14, "fields": {"title":"Ballydesmond Polkas","tune_type":"polka","time_signature":"2/4","default_note_length":"1/8","key_signature":"G","additional_info":"Z: two polkas played as one 4-part polka","melody_line":"|:\"Am\"EA AB|cd e2|\"G\"G>F GA|GE ED|\n\"Am\"EA AB|cd e>f|\"G\"ge dB|\"Am\"A2 A2:|\n|:a>g ab|ag \"D\"ef|\"G\"g>f ga|ge ed|\n\"Am\"ea ab|ag \"D\"ef|\"G\"ge dB|\"Am\"A2 A2:|\n\"Am\"cd/c/ \"G\"Bc/B/|\"F\"AB/A/ \"Em\"G>A|\"G\"B/c/d \"D\"ed|\"G\"g3d|\n\"Am\"ea ge|\"G\"dB GA/B/|\"Am\"ce \"G\"dB|\"Am\"A2 A2:|\n|:ea ag/e/|\"G\"dg gd|\"Am\"ea ab|\"G\"g>f gd|\n\"Am\"ea ge|\"G\"dB GA/B/|\"Am\"ce \"G\"dB|\"Am\"A2 A2:|","is_public":true,"poster":25}},
{"model": "chunes_api.tune", "pk": 15, "fields": {"title":"Kevin Burke Polka #1","tune_type":"Polka","time_signature":"2/4","default_note_length":"1/8","key_signature":"D","additional_info":"D:Kevin Burke, \"If the Cap Fits\"","melody_line":"B/|AF DF|EF DF|AF AB|e2 d>B|AF DF|EF DF| AF AB| Bd d3/2 :|\nA/|d2 fd|ef dB|AF AB|e2 dB|d2 fd|ef dB|AF AB|Bd d>A||\nd2 fd|ef dB|AF AB|e2 dB|df fe/2f/2|af fe/2f/2|af ef|d2 d3/2|]","is_public":true,"poster":11}},
{"model": "chunes_api.tune", "pk": 16, "fields": {"title":"Kevin Burke Polka #2","tune_type":"Polka","time_signature":"2/4","default_note_length":"1/8","key_signature":"Bm","melody_line":"|:B2 Bc|dB Bd|cA Ac|d/2c/2B/2A/2 BF|B2 Bc|dB Bd|ef/2e/2 dc|BA BF:|\n|:f2 df|ec cd|ef/2e/2 dc|Bc de|f2 df|ec cd|ef/2e/2 dc|BA B2:|","is_public":true,"poster":28}},
{"model": "chunes_api.tune", "pk": 17, "fields": {"title":"Kevin Burke Polka #3","tune_type":"Polka","time_signature":"2/4","default_note_length":"1/8","key_signature":"A","melody_line":"|:ef/2e/2 ce|fe Bc|A>B cA|ec B2|ef/2e/2 ce|fe Bc|A>B cA|FA E2:|\n|:FB AF|cB A2|ef/2e/2 ce|ag f2|ef/2e/2 ce|fe Bc|A>B cA|FA E2:|","is_public":true,"poster":11}},
{"model": "chunes_api.tune", "pk": 18, "fields": {"title":"Newfoundland set tunes","tune_type":"Polka","time_signature":"2/4","default_note_length":"1/16","key_signature":"D","additional_info":"S:Ryan's Fancy record\nZ:Added by alf.warnock@rogers.com","melody_line":"|:\"1st tune\"D2F2 E2FE|D2d2 B2dB|A2F2 E2DE|F2D2 B,2A,2|\nD2F2 E2FE|D2d2 B2dB|A2F2 E2DE|F2D2 D4:|\nA2|F2A2 d3A|F2A2 d3A|F2A2 d2B2|c4 c3d|\nefed c2B2|ABAG E2FG|A2F2 E2FE|D4 D2:|\n\"2nd tune\"F2A2 G2B2|F2A2 f4|f2ef gfe2|e2de fedA|\nF2A2 G2B2|F2A2 f4|f2ef gec2|e2d2 d4:|\nAB|d4 cdcB|A2d2 F3G|A2G2 E2G2|B2A2 F2AB|\nd4 cdcB|A2d2 F3G|A2G2 E2FE|D4 D2:|","is_public":true,"poster":11}},
{"model": "chunes_api.tune", "pk": 19, "fields": {"title":"Running the Goat #1","tune_type":"Polka","time_signature":"2/4","default_note_length":"1/8","key_signature":"G","additional_info":"N:Running the Goat is the name of a set dance from Harbour Deep,\nN:Newfoundland. This is originally the tune that was played there for the\nN:dance.  St John's musicians added the other three tunes.  The B part\nN:doesn't get repeated.\nZ:Added by alf.warnock@rogers.com","melody_line":"|:E>F ED|(3EFG A2|BG GA|BD E2|\nDE FG|ABA2|BD (3EFE|D2D2:||\nBddc|BcA2|BG GA|BGA2|\nBddc|BcA2|BD (3EFE|D2D2|]","is_public":true,"poster":11}},
{"model": "chunes_api.tune", "pk": 20, "fields": {"title":"Running the Goat #2","tune_type":"Polka","time_signature":"2/4","default_note_length":"1/8","key_signature":"C","additional_info":"Z:Added by alf.warnock@rogers.com","melody_line":"|:CE GE|ED ED|CE GE|ED D2|\nCE GE|ED EG|A>B AG|ED C2:||\n:Cc Bc|E2 ED|Cc Bc|d2d2|\nCc Bc|E2 EG|A>B AG|ED C2:|","is_public":true,"poster":15}},
{"model": "chunes_api.tune", "pk": 21, "fields": {"title":"Ringle Dingle Daddy","tune_type":"Polka","time_signature":"2/4","default_note_length":"1/8","key_signature":"G","additional_info":"Z:Added by alf.warnock@rogers.com","melody_line":"|:dB GA|B2 Bc|dB GA|BA A2|\ndB GA|B2 Bc|de dB|AG G2:|\n|:dd ef|g2g2|dd ef|ed d2|\ndd ef |g2 g2|dedB|AG G2:|","is_public":true,"poster":15}},
{"model": "chunes_api.tune", "pk": 22, "fields": {"title":"Running the Goat #4","tune_type":"Polka","time_signature":"2/4","default_note_length":"1/8","key_signature":"Bm","additional_info":"C:Geoff Panting\nN:An original tune from Geoff Panting of the group Rawlin's Cross\nZ:Added by alf.warnock@rogers.com","melody_line":"|:BE EA|Bc dc|BE EB|A2 A2|\nBE EA|Bc dc|Bc/B/ AF|E2E2:|\n|:Be ed|BA A2|Be ed|Bc d2|\nBe ed|BA A2|Bc/B/ AF|E2E2:|","is_public":true,"poster":15}},
{"model": "chunes_api.tune", "pk": 23, "fields": {"title":"Top of Maol","tune_type":"Polka","time_signature":"2/4","default_note_length":"1/8","key_signature":"G","additional_info":"S:Matt Cranitch Book\nZ:Added by alf.warnock@rogers.com","melody_line":"|:A2 AB/d/|ed Bd|G2 G>A|Bd BG|\nA2 AB/d/|ed Bd|e/f/g/e/ dB|A2 A2:|\n|:ea ag/a/|ba g2|ef g>a|ge ed|\nea ag/a/|bag>f|e/f/g/e/ dB|A2A2:|","is_public":true,"poster":28}},
{"model": "chunes_api.tune", "pk": 24, "fields": {"title":"Sean McGovern's Polka","tune_type":"Polka","time_signature":"2/4","default_note_length":"1/8","key_signature":"D","additional_info":"S:Matt Cranitch Book\nZ:Added by alf.warnock@rogers.com","melody_line":"B|AD FA|GF EF/G/|AD FA|d2 c/d/c/B/|\nAD FA|GF E>d|ce Ac|d2 d3/2:|\n|e/|fd gf |e/f/e/c/ Ae|fd gf|e2 a/b/a/g/|\nfd gf|ec A>B|ce ce|d2 d3/2:|","is_public":true,"poster":28}},
{"model": "chunes_api.tune", "pk": 25, "fields": {"title":"D'alaigh's Polka","tune_type":"Polka","time_signature":"2/4","default_note_length":"1/8","key_signature":"G","additional_info":"S:Matt Cranitch book\nZ:Added by alf.warnock@rogers.com","melody_line":"|:eA {Bd}BA|eA {Bd}BA|eA {Bd}BA|G2 GB/d/|\neA {Bd}BA|eA {Bd}BA|Be dB|A2 A2:|\n|:ed ef|ga ga/g/|ed ef |az g2{ag}|\ned ef|ga g/a/g/e/|dB gB|A2A2:|","is_public":true,"poster":25}},
{"model": "chunes_api.tune", "pk": 26, "fields": {"title":"Banks of the Quay","tune_type":"Polka","time_signature":"4/4","default_note_length":"1/4","key_signature":"G","melody_line":"|:DGB>B|cAB2|BA/G/FG|AGFE|\nDGB>B|cAB2|BA/G/FG|AGG>F:|\nd2d>d|edd>B|AGFG|[1AGG>B|\nd2d>d|edd>B|AGFG|AGG>B:|[2AGFE|\nDGB>B|cAB2|BA/G/FG|AGG>F:|","is_public":true,"poster":15}},
{"model": "chunes_api.tune", "pk": 27, "fields": {"title":"Crucaharan Cross","tune_type":"Polka","time_signature":"2/4","default_note_length":"1/8","key_signature":"G","melody_line":"B/A/|:GdBd|G>AGe|dBB/A/G/A/|BAAB/A/|\nGdBd|G>AGe|dBAB/A/|G2Gz:|\n:e>d e/f/g|G>AGe|dB B/A/G/A/|BAAd|\ne>d e/f/g|G>AGe|dBAB/A/|G2Gz:","is_public":true,"poster":19}},
{"model": "chunes_api.tune", "pk": 28, "fields": {"title":"Herb Reid's","tune_type":"Polka","time_signature":"2/4","default_note_length":"1/8","key_signature":"D","additional_info":"O:Newfoundland","melody_line":"|:DF/G/ AF|EF GB|AB cd|ed cA|\nDF/G/ AF|EF GB|AB ce|d2 d2:||\n|:df fe|dc BA|Be ed|cB Ac|\ndf fe|dc BA|Bc/d/ cd/e/|d2 d2:|","is_public":true,"poster":25}},
{"model": "chunes_api.tune", "pk": 29, "fields": {"title":"Joan O'Neills #1","tune_type":"Polka","time_signature":"2/4","default_note_length":"1/8","key_signature":"D","additional_info":"Z:added by Alf Warnock - alf0@rogers.com - www.alfwarnock.info/alfs","melody_line":"|\"D\"AD FG|A2 A>B|\"A7\"c/B/A GF|EF GB|\"D\"AD FG|A2 A>B|\"A7\"c/B/A GE|\"D\"ED D2:|\n\"D\"Ad de|f2 e>d|\"A7\"c/B/A AB|cd ec|\"D\"Ad de|f2 e>d|\"A7\"c/B/A GE|\"D\"ED D2:|","is_public":true,"poster":28}},
{"model": "chunes_api.tune", "pk": 30, "fields": {"title":"Joan O'Neills #2","tune_type":"Polka","time_signature":"2/4","default_note_length":"1/8","key_signature":"Bm","additional_info":"Z:added by Alf Warnock - alf0@rogers.com - www.alfwarnock.info/alfs","melody_line":"A/2|\"Bm\"B>A B>A|F/2G/2A \"D\"D>A|\"Bm\"B>A B>A|B/2c/2d \"A\"ed|\"Bm\"B>A B>A|F/2G/2A \"D\"DE|FD AF|\"Em\"E2 E3/2:|\n\"Em\"A/|B/c/d e>f|ed B>A|B/2c/2d e>f|ed B>c|\"D\"d>e dB|AF DE|FD AF|\"Em\"E2 E3/2:|","is_public":true,"poster":15}},
{"model": "chunes_api.tune", "pk": 31, "fields": {"title":"Joan O'Neills #3","tune_type":"polka","time_signature":"2/4","default_note_length":"1/16","key_signature":"A","additional_info":"Z:added by Alf Warnock - alf0@rogers.com - www.alfwarnock.info/alfs","melody_line":"| \"A\"A2c2 E2F2|\"F#m\"A4 A3f|\"A\"e2c2 B2AB|e2c2 \"E7\"B2c2|\"A\"A2c2 E2F2|\"F#m\"A4 A3f|\"A\"e2c2 B2AB|c2A2 A4:|\nc2e2 c2e2|a4 a3f|e2c2 B2Ac|e2c2 B2A2|c2e2 c2e2|a4 a2f2|e2c2 \"E7\"B2AB|c2A2 A3B:|","is_public":true,"poster":28}},
{"model": "chunes_api.tune", "pk": 32, "fields": {"title":"Newmarket Polka #1","tune_type":"polka","time_signature":"2/4","default_note_length":"1/16","key_signature":"A","additional_info":"Z:added by Alf Warnock - alf0@rogers.com - www.alfwarnock.info/alfs","melody_line":"| \"A\"A3B c2B2|\"F#m\"A2F2 F2E2|\"A6\"C2E2 F2E2|C2E2 F2E2|\"A\"A3B c2B2|\"F#m\"A2F2 F2E2|\"A\"C2E2 F2E2|A4 A4:|\n\"A\"a4 g2a2|b2a2 a2f2|e2c2 B2c2|A2B2 c2e2|a4 g2a2|b2a2 a2f2|\"E\"e2c2 B2c2|\"A\"A4 A4:|","is_public":true,"poster":15}},
{"model": "chunes_api.tune", "pk": 33, "fields": {"title":"Newmarket Polka #2","tune_type":"polka","time_signature":"2/4","default_note_length":"1/16","key_signature":"D","additional_info":"Z:added by Alf Warnock - alf0@rogers.com - www.alfwarnock.info/alfs","melody_line":"| \"D\"D3E F2A2|d2c2 B2A2|\"A7\"E3F G2E2|\"D\"B2A2 F4|\"D\"D3E F2A2|d2c2 B2A2|\"A\"E3F G2E2|\"D\"B2A2 D4:|\n\"D\"f2A2 f2A2|f2A2 f3f|\"A\"e2B2 e2B2|e2B2 e3e|\"D\"f2A2 f2A2|f2A2 f3f|\"A\"e2B2 c2d2|\"D\"e2d2 d4:|","is_public":true,"poster":11}},
{"model": "chunes_api.tune", "pk": 34, "fields": {"title":"Newmarket Polka #3","tune_type":"polka","time_signature":"2/4","default_note_length":"1/16","key_signature":"A","additional_info":"Z:added by Alf Warnock - alf0@rogers.com - www.alfwarnock.info/alfs","melody_line":"| \"A\"E3E E2c2|B2A2 B2c2|E3E E2c2|\"F#m\"B2A2 F4|\"A\"E3E E2c2|B2A2 B2c2|\"E\"e3f e2c2|\"A\"B2A2 A4:|\n\"A\"c3e e2c2|B2A2 F2E2|c3e e2c2|\"F#m\"B2A2 A3B|\"A\"c3e e2c2|B2A2 F2A2|E3E E2c2|\"E\"B2A2 \"A\"A4:|","is_public":true,"poster":28}},
{"model": "chunes_api.tune", "pk": 35, "fields": {"title":"Mussels in the Corner","tune_type":"polka","time_signature":"2/4","default_note_length":"1/16","key_signature":"A","additional_info":"Z:added by Alf Warnock - alf0@rogers.com - www.alfwarnock.info/alfs","melody_line":"|\"A\"A2E2 A2B2|c2e2 \"D\"f4|\"A\"e2c2 B2AB|\"E7\"c2B2 B4|\n\"A\"A2E2 A2B2|c2e2 \"D\"f4|\"A\"e2c2 \"E7\"B2cB|\"A\"A4 A4:|\n\"A\"a2g2 f2e2|c2e2 \"D\"f4|\"A\"e2c2 B2AB|\"E7\"c2B2 B4|\n|[1\"A\"a2g2 f2e2|c2e2 \"D\"f4|\n\"A\"e2c2 \"E7\"B2cB|\"A\"A4 A4:|\n|[2\"A\"A2E2 A2B2|c2e2 \"D\"f4|\"A\"e2c2 \"E7\"B2cB|\"A\"A4 A4|]","is_public":true,"poster":11}},
{"model": "chunes_api.tune", "pk": 36, "fields": {"title":"Salmon Tails Up the Water","tune_type":"Polka","time_signature":"2/4","default_note_length":"1/8","key_signature":"A","additional_info":"C:via PR\nS:Nottingham Music Database","melody_line":"AF|\"A\"E>F EC|EA A>B|ce \"E\"Bc/2B/2|\"D\"AF \"E\"dF|\"A\"E>F EC|EA A>B|ce \"E7\"Bc/2B/2|\"A\"A2 A2:|\nce e2|\"D\"df f2|\"A\"ec \"E\"Bc/2B/2|\"D\"AF \"E\"E2|\"A\"ce e2|\"D\"df f>g|\"A\"af ge|\"F#m\"f2 f>g|\naf ge|f/g/f/e/ c>B|ce Bc/B/|AF dF|\"A\"E>F EC|EA A>B|ce Bc/B/|A2 A2:|","is_public":true,"poster":11}},
{"model": "chunes_api.tune", "pk": 37, "fields": {"title":"Maggie in the Wood","tune_type":"Polka","time_signature":"2/4","default_note_length":"1/8","key_signature":"G","additional_info":"Z:As played by the CHB","melody_line":"B/2A/2|\"G\"GD GA|\"Em\"Be eg/2e/2|\"G\"dB B/2A/2G/2A/2|\"D\"BA AB/2A/2|\n\"G\"GD GA|\"Em\"Be eg/2e/2|\"G\"dB \"D\"AB/2A/2|\"G\"G3:|\n|:e/2f/2|gf \"C\"ed|\"D\"ef \"G\"g>e|dB B/2A/2G/2A/2|\n|[1 \"D\"BA Ae/2f/2|\"G\"gf \"C\"ed|\"D\"ef \"G\"g>e|dB \"D\"AB/2A/2|\"G\"G3:|\n|[2 \"D\"BA AB/2A/2|\"G\"GD GA|\"Em\"Be eg/2e/2|\"G\"dB \"D\"AB/2A/2|\"G\"G3||","is_public":true,"poster":28}},
{"model": "chunes_api.tune", "pk": 38, "fields": {"title":"McKeown's","time_signature":"2/4","default_note_length":"1/8","tune_type":"polka","key_signature":"D","melody_line":"|:AF BF|AF BF|AB cd|dc E>F|GE BE|GE BE|GA Bc|BA F>G|\nAF BF|AF BF|AB cd|eB B2|e>d cB|AF A2|AA Bc|d2 d2:|\n|:ba fd|cB B2|B>A Bc|BA A2|A>B Ac|d>e fg|a>^g ab|a4|\nd>c dc|ed cB|B>A FA|Bc E2|E>F GA|B>c dB|A/B/A G/F/E|D4:|\n|:f2 ef/e/|dd d2|dc/d/ ed|dc c2|g2 fg/f/|ee e2|ed/e/ fe|dc BA|\nfg/f/ ef/e/|dd d2|dc/d/ ed|dc c2|B>A Bd|e>c ef|ed cB|A4:|\n|:FA FE|DF AF|AG GF|G3 A|B2 BA|BB cB|BA A^G|A2 Bc|\nd2 dc/d/|ed AB|cB BA|B4|cc c>B|AA Bc|ed dc|d4:|","is_public":true,"poster":25}},
  {"model": "chunes_api.library", "pk": 1, "fields": {"profile": 25, "tunes": [1,3,4,8,10,18,28,29,30,33,34]}},
  {"model": "chunes_api.library", "pk": 2, "fields": {"profile": 28, "tunes": [5,6,14,17,20,25,27,37]}},
  {"model": "chunes_api.library", "pk": 3, "fields": {"profile": 11, "tunes": [2,7,9,21,23,24,35,36]}},
  {"model": "chunes_api.library", "pk": 4, "fields": {"profile": 19, "tunes": [5,13,15,16,26]}},
  {"model": "chunes_api.library", "pk": 5, "fields": {"profile": 15, "tunes": [11,12,19,22,31,32]}},
  {"model": "chunes_api.post", "pk": 1, "fields": {"poster":11, "tune":2, "content": "just like the tune", "media":null, "time_stamp" :"2019-05-21T01:00:00+03:00"}},
  {"model": "chunes_api.post", "pk": 2, "fields": {"poster":28, "tune":5, "content": "learned this from my grandpapa", "media":null, "time_stamp" :"2019-05-21T01:00:00+03:00"}},
  {"model": "chunes_api.post", "pk": 3, "fields": {"poster":25, "tune":3, "content": "just some flavor text", "media":null, "time_stamp" :"2019-05-21T01:00:00+03:00"}},
  {"model": "chunes_api.post", "pk": 4, "fields": {"poster":25, "tune":4, "content": "who do you know", "media":null, "time_stamp" :"2019-05-21T01:00:00+03:00"}},
  {"model": "chunes_api.post", "pk": 5, "fields": {"poster":25, "tune":1, "content": "just like the tune", "media":null, "time_stamp" :"2019-05-21T01:00:00+03:00"}},
  {"model": "chunes_api.post", "pk": 6, "fields": {"poster":19, "tune":6, "content": "just like the tune", "media":null, "time_stamp" :"2019-05-21T01:00:00+03:00"}},
{"model": "chunes_api.post", "pk": 7, "fields": {"poster":28, "tune":7, "content": "just like the tune", "media":null, "time_stamp" :"2019-05-21T01:00:00+03:00"}},
{"model": "chunes_api.post", "pk": 8, "fields": {"poster":11, "tune":8, "content": "just like the tune", "media":null, "time_stamp" :"2019-05-21T01:00:00+03:00"}},
{"model": "chunes_api.post", "pk": 9, "fields": {"poster":25, "tune":9, "content": "just like the tune", "media":null, "time_stamp" :"2019-05-21T01:00:00+03:00"}},
{"model": "chunes_api.post", "pk": 10, "fields": {"poster":11, "tune":10, "content": "just like the tune", "media":null, "time_stamp" :"2019-05-21T01:00:00+03:00"}},
{"model": "chunes_api.post", "pk": 11, "fields": {"poster":25, "tune":11, "content": "just like the tune", "media":null, "time_stamp" :"2019-05-21T01:00:00+03:00"}},
{"model": "chunes_api.post", "pk": 12, "fields": {"poster":15, "tune":12, "content": "just like the tune", "media":null, "time_stamp" :"2019-05-21T01:00:00+03:00"}},
{"model": "chunes_api.post", "pk": 13, "fields": {"poster":15, "tune":13, "content": "just like the tune", "media":null, "time_stamp" :"2019-05-21T01:00:00+03:00"}},
{"model": "chunes_api.post", "pk": 14, "fields": {"poster":19, "tune":14, "content": "just like the tune", "media":null, "time_stamp" :"2019-05-21T01:00:00+03:00"}},
{"model": "chunes_api.post", "pk": 15, "fields": {"poster":28, "tune":15, "content": "just like the tune", "media":null, "time_stamp" :"2019-05-21T01:00:00+03:00"}},
{"model": "chunes_api.post", "pk": 16, "fields": {"poster":19, "tune":16, "content": "just like the tune", "media":null, "time_stamp" :"2019-05-21T01:00:00+03:00"}},
{"model": "chunes_api.post", "pk": 17, "fields": {"poster":19, "tune":17, "content": "just like the tune", "media":null, "time_stamp" :"2019-05-21T01:00:00+03:00"}},
{"model": "chunes_api.post", "pk": 18, "fields": {"poster":28, "tune":18, "content": "just like the tune", "media":null, "time_stamp" :"2019-05-21T01:00:00+03:00"}},
{"model": "chunes_api.post", "pk": 19, "fields": {"poster":25, "tune":19, "content": "just like the tune", "media":null, "time_stamp" :"2019-05-21T01:00:00+03:00"}},
{"model": "chunes_api.post", "pk": 20, "fields": {"poster":15, "tune":20, "content": "just like the tune", "media":null, "time_stamp" :"2019-05-21T01:00:00+03:00"}},
{"model": "chunes_api.post", "pk": 21, "fields": {"poster":28, "tune":21, "content": "just like the tune", "media":null, "time_stamp" :"2019-05-21T01:00:00+03:00"}},
{"model": "chunes_api.post", "pk": 22, "fields": {"poster":11, "tune":22, "content": "just like the tune", "media":null, "time_stamp" :"2019-05-21T01:00:00+03:00"}},
{"model": "chunes_api.post", "pk": 23, "fields": {"poster":15, "tune":23, "content": "just like the tune", "media":null, "time_stamp" :"2019-05-21T01:00:00+03:00"}},
{"model": "chunes_api.post", "pk": 24, "fields": {"poster":11, "tune":24, "content": "just like the tune", "media":null, "time_stamp" :"2019-05-21T01:00:00+03:00"}},
{"model": "chunes_api.post", "pk": 25, "fields": {"poster":11, "tune":25, "content": "just like the tune", "media":null, "time_stamp" :"2019-05-21T01:00:00+03:00"}},
{"model": "chunes_api.post", "pk": 26, "fields": {"poster":28, "tune":26, "content": "just like the tune", "media":null, "time_stamp" :"2019-05-21T01:00:00+03:00"}},
{"model": "chunes_api.post", "pk": 27, "fields": {"poster":19, "tune":27, "content": "just like the tune", "media":null, "time_stamp" :"2019-05-21T01:00:00+03:00"}},
{"model": "chunes_api.post", "pk": 28, "fields": {"poster":28, "tune":28, "content": "just like the tune", "media":null, "time_stamp" :"2019-05-21T01:00:00+03:00"}},
{"model": "chunes_api.post", "pk": 29, "fields": {"poster":25, "tune":29, "content": "just like the tune", "media":null, "time_stamp" :"2019-05-21T01:00:00+03:00"}},
{"model": "chunes_api.post", "pk": 30, "fields": {"poster":25, "tune":30, "content": "just like the tune", "media":null, "time_stamp" :"2019-05-21T01:00:00+03:00"}},
{"model": "chunes_api.post", "pk": 31, "fields": {"poster":25, "tune":31, "content": "just like the tune", "media":null, "time_stamp" :"2019-05-21T01:00:00+03:00"}},
{"model": "chunes_api.post", "pk": 32, "fields": {"poster":15, "tune":32, "content": "just like the tune", "media":null, "time_stamp" :"2019-05-21T01:00:00+03:00"}},
{"model": "chunes_api.post", "pk": 33, "fields": {"poster":15, "tune":33, "content": "just like the tune", "media":null, "time_stamp" :"2019-05-21T01:00:00+03:00"}},
{"model": "chunes_api.post", "pk": 34, "fields": {"poster":25, "tune":34, "content": "just like the tune", "media":null, "time_stamp" :"2019-05-21T01:00:00+03:00"}},
{"model": "chunes_api.post", "pk": 35, "fields": {"poster":25, "tune":35, "content": "just like the tune", "media":null, "time_stamp" :"2019-05-21T01:00:00+03:00"}},
{"model": "chunes_api.post", "pk": 36, "fields": {"poster":11, "tune":36, "content": "just like the tune", "media":null, "time_stamp" :"2019-05-21T01:00:00+03:00"}},
{"model": "chunes_api.post", "pk": 37, "fields": {"poster":11, "tune":37, "content": "just like the tune", "media":null, "time_stamp" :"2019-05-21T01:00:00+03:00"}},
{"model": "chunes_api.post", "pk": 38, "fields": {"poster":28, "tune":38, "content": "just like the tune", "media":null, "time_stamp" :"2019-05-21T01:00:00+03:00"}}

]