[{"model": "contenttypes.contenttype", "pk": 1, "fields": {"app_label": "admin", "model": "logentry"}}, {"model": "contenttypes.contenttype", "pk": 2, "fields": {"app_label": "auth", "model": "permission"}}, {"model": "contenttypes.contenttype", "pk": 3, "fields": {"app_label": "auth", "model": "group"}}, {"model": "contenttypes.contenttype", "pk": 4, "fields": {"app_label": "auth", "model": "user"}}, {"model": "contenttypes.contenttype", "pk": 5, "fields": {"app_label": "contenttypes", "model": "contenttype"}}, {"model": "contenttypes.contenttype", "pk": 6, "fields": {"app_label": "sessions", "model": "session"}}, {"model": "contenttypes.contenttype", "pk": 7, "fields": {"app_label": "chunes_djapi", "model": "tag"}}, {"model": "contenttypes.contenttype", "pk": 8, "fields": {"app_label": "chunes_djapi", "model": "tune"}}, {"model": "contenttypes.contenttype", "pk": 9, "fields": {"app_label": "chunes_djapi", "model": "post"}}, {"model": "contenttypes.contenttype", "pk": 10, "fields": {"app_label": "chunes_djapi", "model": "library"}}, {"model": "contenttypes.contenttype", "pk": 11, "fields": {"app_label": "chunes_djapi", "model": "comment"}}, {"model": "contenttypes.contenttype", "pk": 12, "fields": {"app_label": "accounts", "model": "profile"}}, {"model": "contenttypes.contenttype", "pk": 13, "fields": {"app_label": "chunes_api", "model": "tag"}}, {"model": "contenttypes.contenttype", "pk": 14, "fields": {"app_label": "chunes_api", "model": "tune"}}, {"model": "contenttypes.contenttype", "pk": 15, "fields": {"app_label": "chunes_api", "model": "post"}}, {"model": "contenttypes.contenttype", "pk": 16, "fields": {"app_label": "chunes_api", "model": "library"}}, {"model": "contenttypes.contenttype", "pk": 17, "fields": {"app_label": "chunes_api", "model": "comment"}}, {"model": "sessions.session", "pk": "0f4smde203mei6hydaorbyo2kby1905x", "fields": {"session_data": "YWZhNDMzNGNjMDE3MGFmNGIzMzVhMjIzOTdjNzg1MWMxZGI1YmRhYTp7fQ==", "expire_date": "2019-06-21T04:14:26.956Z"}}, {"model": "sessions.session", "pk": "0lmv0xi7rbbs9yyhx7wchkab0x3gf3of", "fields": {"session_data": "ZjBlYjY4YmY0MDE2ZjQ3OWYwNDRkNzIxZmFjM2YxM2ZkMGYwOWY5Mzp7Il9hdXRoX3VzZXJfaWQiOiI0IiwiX2F1dGhfdXNlcl9iYWNrZW5kIjoiZGphbmdvLmNvbnRyaWIuYXV0aC5iYWNrZW5kcy5Nb2RlbEJhY2tlbmQiLCJfYXV0aF91c2VyX2hhc2giOiJlZDEzYWYzYjJkYWI5MDNiOWE3ZGVmNzI0Y2E0ZDcyMTgwMDE1OTM5In0=", "expire_date": "2019-06-21T04:32:48.073Z"}}, {"model": "sessions.session", "pk": "0u72n1vsljxzyq69ow1lj9dsfngev9pp", "fields": {"session_data": "ZjBlYjY4YmY0MDE2ZjQ3OWYwNDRkNzIxZmFjM2YxM2ZkMGYwOWY5Mzp7Il9hdXRoX3VzZXJfaWQiOiI0IiwiX2F1dGhfdXNlcl9iYWNrZW5kIjoiZGphbmdvLmNvbnRyaWIuYXV0aC5iYWNrZW5kcy5Nb2RlbEJhY2tlbmQiLCJfYXV0aF91c2VyX2hhc2giOiJlZDEzYWYzYjJkYWI5MDNiOWE3ZGVmNzI0Y2E0ZDcyMTgwMDE1OTM5In0=", "expire_date": "2019-06-22T00:19:40.263Z"}}, {"model": "sessions.session", "pk": "0wzf7ska6yadwknpfmuomo09wr9fo5sl", "fields": {"session_data": "YWZhNDMzNGNjMDE3MGFmNGIzMzVhMjIzOTdjNzg1MWMxZGI1YmRhYTp7fQ==", "expire_date": "2019-06-23T19:53:44.253Z"}}, {"model": "sessions.session", "pk": "1iwsnrzthochkjet7pgnmtlp55heyrt3", "fields": {"session_data": "ZjBlYjY4YmY0MDE2ZjQ3OWYwNDRkNzIxZmFjM2YxM2ZkMGYwOWY5Mzp7Il9hdXRoX3VzZXJfaWQiOiI0IiwiX2F1dGhfdXNlcl9iYWNrZW5kIjoiZGphbmdvLmNvbnRyaWIuYXV0aC5iYWNrZW5kcy5Nb2RlbEJhY2tlbmQiLCJfYXV0aF91c2VyX2hhc2giOiJlZDEzYWYzYjJkYWI5MDNiOWE3ZGVmNzI0Y2E0ZDcyMTgwMDE1OTM5In0=", "expire_date": "2019-06-21T23:45:09.239Z"}}, {"model": "sessions.session", "pk": "1rzzfjkcsu57d71x9g40tfcijjx0l9ov", "fields": {"session_data": "YzI0YjMwN2JjM2ViZTNlZDBjODQwZjc4ZWQxOTk5ODJmZGNlZGQzOTp7Il9hdXRoX3VzZXJfaWQiOiIxMiIsIl9hdXRoX3VzZXJfYmFja2VuZCI6ImRqYW5nby5jb250cmliLmF1dGguYmFja2VuZHMuTW9kZWxCYWNrZW5kIiwiX2F1dGhfdXNlcl9oYXNoIjoiZjFhYTI2ZDhmMjZjMTkwNTA1YmJhY2E0ZjYxYmIyYzBlZTVkNWEyZSJ9", "expire_date": "2019-06-27T19:39:35.894Z"}}, {"model": "sessions.session", "pk": "43dyy7rb9lwo8tqggb4mgby6vm0ru5rc", "fields": {"session_data": "YWZhNDMzNGNjMDE3MGFmNGIzMzVhMjIzOTdjNzg1MWMxZGI1YmRhYTp7fQ==", "expire_date": "2019-06-23T19:47:25.976Z"}}, {"model": "sessions.session", "pk": "47n6e7jq0ovepv2iubsgb4xv8v1bhmq0", "fields": {"session_data": "MmJhMWYwYjA4Mjg4OWE4ZTc1YzBlOTRhNzQzYzgwMmMzYzJhODRmMDp7Il9hdXRoX3VzZXJfaWQiOiI1IiwiX2F1dGhfdXNlcl9iYWNrZW5kIjoiZGphbmdvLmNvbnRyaWIuYXV0aC5iYWNrZW5kcy5Nb2RlbEJhY2tlbmQiLCJfYXV0aF91c2VyX2hhc2giOiIxN2M2NzY0ZTJjZWYxOGI1NTUyNWRhZTg1ZDUyOWE5ZTI1MjUxMDU2In0=", "expire_date": "2019-06-21T06:15:52.312Z"}}, {"model": "sessions.session", "pk": "4x2o5ghc27t9hizm1500j09kao0fr9fa", "fields": {"session_data": "MjlmMjNkMjNiZjgwNzAzMmQ4OTlhYTE3MmYzMWY1NjUwNjQ2ZGUwYTp7Il9hdXRoX3VzZXJfaWQiOiIxIiwiX2F1dGhfdXNlcl9iYWNrZW5kIjoiZGphbmdvLmNvbnRyaWIuYXV0aC5iYWNrZW5kcy5Nb2RlbEJhY2tlbmQiLCJfYXV0aF91c2VyX2hhc2giOiJmMWFhMjZkOGYyNmMxOTA1MDViYmFjYTRmNjFiYjJjMGVlNWQ1YTJlIn0=", "expire_date": "2019-06-20T07:44:00.259Z"}}, {"model": "sessions.session", "pk": "56shdjthxafz6hcorwg8mo6g2pvpa0pc", "fields": {"session_data": "ZjBlYjY4YmY0MDE2ZjQ3OWYwNDRkNzIxZmFjM2YxM2ZkMGYwOWY5Mzp7Il9hdXRoX3VzZXJfaWQiOiI0IiwiX2F1dGhfdXNlcl9iYWNrZW5kIjoiZGphbmdvLmNvbnRyaWIuYXV0aC5iYWNrZW5kcy5Nb2RlbEJhY2tlbmQiLCJfYXV0aF91c2VyX2hhc2giOiJlZDEzYWYzYjJkYWI5MDNiOWE3ZGVmNzI0Y2E0ZDcyMTgwMDE1OTM5In0=", "expire_date": "2019-06-21T04:35:10.269Z"}}, {"model": "sessions.session", "pk": "5zt6qm3dipoxmhjl3quszrw0r3b5cbh7", "fields": {"session_data": "ZjBlYjY4YmY0MDE2ZjQ3OWYwNDRkNzIxZmFjM2YxM2ZkMGYwOWY5Mzp7Il9hdXRoX3VzZXJfaWQiOiI0IiwiX2F1dGhfdXNlcl9iYWNrZW5kIjoiZGphbmdvLmNvbnRyaWIuYXV0aC5iYWNrZW5kcy5Nb2RlbEJhY2tlbmQiLCJfYXV0aF91c2VyX2hhc2giOiJlZDEzYWYzYjJkYWI5MDNiOWE3ZGVmNzI0Y2E0ZDcyMTgwMDE1OTM5In0=", "expire_date": "2019-06-21T23:37:46.052Z"}}, {"model": "sessions.session", "pk": "6fcotcb6bye9n2y6mr659tv8dvjpbddu", "fields": {"session_data": "ZjBlYjY4YmY0MDE2ZjQ3OWYwNDRkNzIxZmFjM2YxM2ZkMGYwOWY5Mzp7Il9hdXRoX3VzZXJfaWQiOiI0IiwiX2F1dGhfdXNlcl9iYWNrZW5kIjoiZGphbmdvLmNvbnRyaWIuYXV0aC5iYWNrZW5kcy5Nb2RlbEJhY2tlbmQiLCJfYXV0aF91c2VyX2hhc2giOiJlZDEzYWYzYjJkYWI5MDNiOWE3ZGVmNzI0Y2E0ZDcyMTgwMDE1OTM5In0=", "expire_date": "2019-06-21T22:49:51.368Z"}}, {"model": "sessions.session", "pk": "7zniekun2bfymocb8w7ygj2ldedj9pbr", "fields": {"session_data": "YWZhNDMzNGNjMDE3MGFmNGIzMzVhMjIzOTdjNzg1MWMxZGI1YmRhYTp7fQ==", "expire_date": "2019-06-23T07:19:49.803Z"}}, {"model": "sessions.session", "pk": "8bxkbl61rss5iokyv1m985wq5uxr4bjv", "fields": {"session_data": "ZjBlYjY4YmY0MDE2ZjQ3OWYwNDRkNzIxZmFjM2YxM2ZkMGYwOWY5Mzp7Il9hdXRoX3VzZXJfaWQiOiI0IiwiX2F1dGhfdXNlcl9iYWNrZW5kIjoiZGphbmdvLmNvbnRyaWIuYXV0aC5iYWNrZW5kcy5Nb2RlbEJhY2tlbmQiLCJfYXV0aF91c2VyX2hhc2giOiJlZDEzYWYzYjJkYWI5MDNiOWE3ZGVmNzI0Y2E0ZDcyMTgwMDE1OTM5In0=", "expire_date": "2019-06-22T00:32:35.993Z"}}, {"model": "sessions.session", "pk": "8o51u6ksafpr57rsm1vpk6bkd9ia16ud", "fields": {"session_data": "ZjBlYjY4YmY0MDE2ZjQ3OWYwNDRkNzIxZmFjM2YxM2ZkMGYwOWY5Mzp7Il9hdXRoX3VzZXJfaWQiOiI0IiwiX2F1dGhfdXNlcl9iYWNrZW5kIjoiZGphbmdvLmNvbnRyaWIuYXV0aC5iYWNrZW5kcy5Nb2RlbEJhY2tlbmQiLCJfYXV0aF91c2VyX2hhc2giOiJlZDEzYWYzYjJkYWI5MDNiOWE3ZGVmNzI0Y2E0ZDcyMTgwMDE1OTM5In0=", "expire_date": "2019-06-21T22:47:40.037Z"}}, {"model": "sessions.session", "pk": "a0hs8zhu9czl9xgujlaj22wyy83iblqs", "fields": {"session_data": "ZjBlYjY4YmY0MDE2ZjQ3OWYwNDRkNzIxZmFjM2YxM2ZkMGYwOWY5Mzp7Il9hdXRoX3VzZXJfaWQiOiI0IiwiX2F1dGhfdXNlcl9iYWNrZW5kIjoiZGphbmdvLmNvbnRyaWIuYXV0aC5iYWNrZW5kcy5Nb2RlbEJhY2tlbmQiLCJfYXV0aF91c2VyX2hhc2giOiJlZDEzYWYzYjJkYWI5MDNiOWE3ZGVmNzI0Y2E0ZDcyMTgwMDE1OTM5In0=", "expire_date": "2019-06-21T23:26:00.870Z"}}, {"model": "sessions.session", "pk": "afjh87gzx28kf0ktcssw3lrskuow58y7", "fields": {"session_data": "MmJhMWYwYjA4Mjg4OWE4ZTc1YzBlOTRhNzQzYzgwMmMzYzJhODRmMDp7Il9hdXRoX3VzZXJfaWQiOiI1IiwiX2F1dGhfdXNlcl9iYWNrZW5kIjoiZGphbmdvLmNvbnRyaWIuYXV0aC5iYWNrZW5kcy5Nb2RlbEJhY2tlbmQiLCJfYXV0aF91c2VyX2hhc2giOiIxN2M2NzY0ZTJjZWYxOGI1NTUyNWRhZTg1ZDUyOWE5ZTI1MjUxMDU2In0=", "expire_date": "2019-06-21T06:14:51.201Z"}}, {"model": "sessions.session", "pk": "chn0dzsgiigc8hafqlf4brrvlzas2l9g", "fields": {"session_data": "ZjBlYjY4YmY0MDE2ZjQ3OWYwNDRkNzIxZmFjM2YxM2ZkMGYwOWY5Mzp7Il9hdXRoX3VzZXJfaWQiOiI0IiwiX2F1dGhfdXNlcl9iYWNrZW5kIjoiZGphbmdvLmNvbnRyaWIuYXV0aC5iYWNrZW5kcy5Nb2RlbEJhY2tlbmQiLCJfYXV0aF91c2VyX2hhc2giOiJlZDEzYWYzYjJkYWI5MDNiOWE3ZGVmNzI0Y2E0ZDcyMTgwMDE1OTM5In0=", "expire_date": "2019-06-21T22:51:11.250Z"}}, {"model": "sessions.session", "pk": "cxtkgh888lb2ko10ihocea5v69auw3iz", "fields": {"session_data": "ZjBlYjY4YmY0MDE2ZjQ3OWYwNDRkNzIxZmFjM2YxM2ZkMGYwOWY5Mzp7Il9hdXRoX3VzZXJfaWQiOiI0IiwiX2F1dGhfdXNlcl9iYWNrZW5kIjoiZGphbmdvLmNvbnRyaWIuYXV0aC5iYWNrZW5kcy5Nb2RlbEJhY2tlbmQiLCJfYXV0aF91c2VyX2hhc2giOiJlZDEzYWYzYjJkYWI5MDNiOWE3ZGVmNzI0Y2E0ZDcyMTgwMDE1OTM5In0=", "expire_date": "2019-06-23T06:29:38.971Z"}}, {"model": "sessions.session", "pk": "d5374kqfbmk66et6qlyknah5wl7f17z2", "fields": {"session_data": "ZjBlYjY4YmY0MDE2ZjQ3OWYwNDRkNzIxZmFjM2YxM2ZkMGYwOWY5Mzp7Il9hdXRoX3VzZXJfaWQiOiI0IiwiX2F1dGhfdXNlcl9iYWNrZW5kIjoiZGphbmdvLmNvbnRyaWIuYXV0aC5iYWNrZW5kcy5Nb2RlbEJhY2tlbmQiLCJfYXV0aF91c2VyX2hhc2giOiJlZDEzYWYzYjJkYWI5MDNiOWE3ZGVmNzI0Y2E0ZDcyMTgwMDE1OTM5In0=", "expire_date": "2019-06-22T00:51:58.528Z"}}, {"model": "sessions.session", "pk": "dbzosq9sqtjfvx1sdjyx4pot330dvwms", "fields": {"session_data": "YWZhNDMzNGNjMDE3MGFmNGIzMzVhMjIzOTdjNzg1MWMxZGI1YmRhYTp7fQ==", "expire_date": "2019-06-21T04:08:22.153Z"}}, {"model": "sessions.session", "pk": "dpz6sqnrnuxubilw4mc4g4x4gv7eywsi", "fields": {"session_data": "YWZhNDMzNGNjMDE3MGFmNGIzMzVhMjIzOTdjNzg1MWMxZGI1YmRhYTp7fQ==", "expire_date": "2019-06-23T11:25:08.755Z"}}, {"model": "sessions.session", "pk": "eedgi3hy8bskov4qido49gs4bqnlbyih", "fields": {"session_data": "YWZhNDMzNGNjMDE3MGFmNGIzMzVhMjIzOTdjNzg1MWMxZGI1YmRhYTp7fQ==", "expire_date": "2019-06-23T11:22:06.301Z"}}, {"model": "sessions.session", "pk": "eut856lqv7qnl6q5ykbnj7ffbt7vw4h0", "fields": {"session_data": "ZjBlYjY4YmY0MDE2ZjQ3OWYwNDRkNzIxZmFjM2YxM2ZkMGYwOWY5Mzp7Il9hdXRoX3VzZXJfaWQiOiI0IiwiX2F1dGhfdXNlcl9iYWNrZW5kIjoiZGphbmdvLmNvbnRyaWIuYXV0aC5iYWNrZW5kcy5Nb2RlbEJhY2tlbmQiLCJfYXV0aF91c2VyX2hhc2giOiJlZDEzYWYzYjJkYWI5MDNiOWE3ZGVmNzI0Y2E0ZDcyMTgwMDE1OTM5In0=", "expire_date": "2019-06-22T00:53:50.096Z"}}, {"model": "sessions.session", "pk": "ffq30t0ayzc0l0bfwc0nyfp6h7cgqux9", "fields": {"session_data": "ZjBlYjY4YmY0MDE2ZjQ3OWYwNDRkNzIxZmFjM2YxM2ZkMGYwOWY5Mzp7Il9hdXRoX3VzZXJfaWQiOiI0IiwiX2F1dGhfdXNlcl9iYWNrZW5kIjoiZGphbmdvLmNvbnRyaWIuYXV0aC5iYWNrZW5kcy5Nb2RlbEJhY2tlbmQiLCJfYXV0aF91c2VyX2hhc2giOiJlZDEzYWYzYjJkYWI5MDNiOWE3ZGVmNzI0Y2E0ZDcyMTgwMDE1OTM5In0=", "expire_date": "2019-06-21T22:48:49.834Z"}}, {"model": "sessions.session", "pk": "fgow7cfcdu3r5xgqidceqgsu4ow5wr7c", "fields": {"session_data": "ZjBlYjY4YmY0MDE2ZjQ3OWYwNDRkNzIxZmFjM2YxM2ZkMGYwOWY5Mzp7Il9hdXRoX3VzZXJfaWQiOiI0IiwiX2F1dGhfdXNlcl9iYWNrZW5kIjoiZGphbmdvLmNvbnRyaWIuYXV0aC5iYWNrZW5kcy5Nb2RlbEJhY2tlbmQiLCJfYXV0aF91c2VyX2hhc2giOiJlZDEzYWYzYjJkYWI5MDNiOWE3ZGVmNzI0Y2E0ZDcyMTgwMDE1OTM5In0=", "expire_date": "2019-06-21T22:31:35.831Z"}}, {"model": "sessions.session", "pk": "fswrqtyp04o61a8zqpdhecr86a11epxy", "fields": {"session_data": "ZjBlYjY4YmY0MDE2ZjQ3OWYwNDRkNzIxZmFjM2YxM2ZkMGYwOWY5Mzp7Il9hdXRoX3VzZXJfaWQiOiI0IiwiX2F1dGhfdXNlcl9iYWNrZW5kIjoiZGphbmdvLmNvbnRyaWIuYXV0aC5iYWNrZW5kcy5Nb2RlbEJhY2tlbmQiLCJfYXV0aF91c2VyX2hhc2giOiJlZDEzYWYzYjJkYWI5MDNiOWE3ZGVmNzI0Y2E0ZDcyMTgwMDE1OTM5In0=", "expire_date": "2019-06-22T00:03:19.603Z"}}, {"model": "sessions.session", "pk": "g8wq15nhuksymbe7fn1tupwqjbd9viw3", "fields": {"session_data": "ZjBlYjY4YmY0MDE2ZjQ3OWYwNDRkNzIxZmFjM2YxM2ZkMGYwOWY5Mzp7Il9hdXRoX3VzZXJfaWQiOiI0IiwiX2F1dGhfdXNlcl9iYWNrZW5kIjoiZGphbmdvLmNvbnRyaWIuYXV0aC5iYWNrZW5kcy5Nb2RlbEJhY2tlbmQiLCJfYXV0aF91c2VyX2hhc2giOiJlZDEzYWYzYjJkYWI5MDNiOWE3ZGVmNzI0Y2E0ZDcyMTgwMDE1OTM5In0=", "expire_date": "2019-06-21T04:38:48.218Z"}}, {"model": "sessions.session", "pk": "gxky74053fchqfwk1l9dwc6gj8qne1kb", "fields": {"session_data": "ZjBlYjY4YmY0MDE2ZjQ3OWYwNDRkNzIxZmFjM2YxM2ZkMGYwOWY5Mzp7Il9hdXRoX3VzZXJfaWQiOiI0IiwiX2F1dGhfdXNlcl9iYWNrZW5kIjoiZGphbmdvLmNvbnRyaWIuYXV0aC5iYWNrZW5kcy5Nb2RlbEJhY2tlbmQiLCJfYXV0aF91c2VyX2hhc2giOiJlZDEzYWYzYjJkYWI5MDNiOWE3ZGVmNzI0Y2E0ZDcyMTgwMDE1OTM5In0=", "expire_date": "2019-06-21T23:40:43.426Z"}}, {"model": "sessions.session", "pk": "h89sn1p9gxqv4on87lqfomgfd25jypqs", "fields": {"session_data": "ZjBlYjY4YmY0MDE2ZjQ3OWYwNDRkNzIxZmFjM2YxM2ZkMGYwOWY5Mzp7Il9hdXRoX3VzZXJfaWQiOiI0IiwiX2F1dGhfdXNlcl9iYWNrZW5kIjoiZGphbmdvLmNvbnRyaWIuYXV0aC5iYWNrZW5kcy5Nb2RlbEJhY2tlbmQiLCJfYXV0aF91c2VyX2hhc2giOiJlZDEzYWYzYjJkYWI5MDNiOWE3ZGVmNzI0Y2E0ZDcyMTgwMDE1OTM5In0=", "expire_date": "2019-06-22T00:35:35.182Z"}}, {"model": "sessions.session", "pk": "hhw2w3o3kng8ij2jvmsmtvrswnvnicw3", "fields": {"session_data": "YWZhNDMzNGNjMDE3MGFmNGIzMzVhMjIzOTdjNzg1MWMxZGI1YmRhYTp7fQ==", "expire_date": "2019-06-21T04:05:47.990Z"}}, {"model": "sessions.session", "pk": "iu0bw8751rwwgdwy8agf5e5dkynh7fy1", "fields": {"session_data": "YWZhNDMzNGNjMDE3MGFmNGIzMzVhMjIzOTdjNzg1MWMxZGI1YmRhYTp7fQ==", "expire_date": "2019-06-23T19:42:36.580Z"}}, {"model": "sessions.session", "pk": "k9zd577df42914d4jmj1cy9it5l7hzuj", "fields": {"session_data": "ZjBlYjY4YmY0MDE2ZjQ3OWYwNDRkNzIxZmFjM2YxM2ZkMGYwOWY5Mzp7Il9hdXRoX3VzZXJfaWQiOiI0IiwiX2F1dGhfdXNlcl9iYWNrZW5kIjoiZGphbmdvLmNvbnRyaWIuYXV0aC5iYWNrZW5kcy5Nb2RlbEJhY2tlbmQiLCJfYXV0aF91c2VyX2hhc2giOiJlZDEzYWYzYjJkYWI5MDNiOWE3ZGVmNzI0Y2E0ZDcyMTgwMDE1OTM5In0=", "expire_date": "2019-06-21T04:36:05.031Z"}}, {"model": "sessions.session", "pk": "kbyyknd5vvhnoes5x8vau1exig9yikhg", "fields": {"session_data": "YWZhNDMzNGNjMDE3MGFmNGIzMzVhMjIzOTdjNzg1MWMxZGI1YmRhYTp7fQ==", "expire_date": "2019-06-23T19:48:02.585Z"}}, {"model": "sessions.session", "pk": "kkx3zruodzm29b71od0t1p0pgejrxifn", "fields": {"session_data": "ZjBlYjY4YmY0MDE2ZjQ3OWYwNDRkNzIxZmFjM2YxM2ZkMGYwOWY5Mzp7Il9hdXRoX3VzZXJfaWQiOiI0IiwiX2F1dGhfdXNlcl9iYWNrZW5kIjoiZGphbmdvLmNvbnRyaWIuYXV0aC5iYWNrZW5kcy5Nb2RlbEJhY2tlbmQiLCJfYXV0aF91c2VyX2hhc2giOiJlZDEzYWYzYjJkYWI5MDNiOWE3ZGVmNzI0Y2E0ZDcyMTgwMDE1OTM5In0=", "expire_date": "2019-06-21T04:36:48.668Z"}}, {"model": "sessions.session", "pk": "kuoczorvzhy64tc6efwyilqfu9zorvb7", "fields": {"session_data": "ZjBlYjY4YmY0MDE2ZjQ3OWYwNDRkNzIxZmFjM2YxM2ZkMGYwOWY5Mzp7Il9hdXRoX3VzZXJfaWQiOiI0IiwiX2F1dGhfdXNlcl9iYWNrZW5kIjoiZGphbmdvLmNvbnRyaWIuYXV0aC5iYWNrZW5kcy5Nb2RlbEJhY2tlbmQiLCJfYXV0aF91c2VyX2hhc2giOiJlZDEzYWYzYjJkYWI5MDNiOWE3ZGVmNzI0Y2E0ZDcyMTgwMDE1OTM5In0=", "expire_date": "2019-06-21T22:51:45.065Z"}}, {"model": "sessions.session", "pk": "l7ephrurucsnubiqhydpn1toy0p33l1i", "fields": {"session_data": "ZjBlYjY4YmY0MDE2ZjQ3OWYwNDRkNzIxZmFjM2YxM2ZkMGYwOWY5Mzp7Il9hdXRoX3VzZXJfaWQiOiI0IiwiX2F1dGhfdXNlcl9iYWNrZW5kIjoiZGphbmdvLmNvbnRyaWIuYXV0aC5iYWNrZW5kcy5Nb2RlbEJhY2tlbmQiLCJfYXV0aF91c2VyX2hhc2giOiJlZDEzYWYzYjJkYWI5MDNiOWE3ZGVmNzI0Y2E0ZDcyMTgwMDE1OTM5In0=", "expire_date": "2019-06-21T23:36:29.241Z"}}, {"model": "sessions.session", "pk": "lbc7eqgnn442iaj2gtds5ptg8re0k0cb", "fields": {"session_data": "MjlmMjNkMjNiZjgwNzAzMmQ4OTlhYTE3MmYzMWY1NjUwNjQ2ZGUwYTp7Il9hdXRoX3VzZXJfaWQiOiIxIiwiX2F1dGhfdXNlcl9iYWNrZW5kIjoiZGphbmdvLmNvbnRyaWIuYXV0aC5iYWNrZW5kcy5Nb2RlbEJhY2tlbmQiLCJfYXV0aF91c2VyX2hhc2giOiJmMWFhMjZkOGYyNmMxOTA1MDViYmFjYTRmNjFiYjJjMGVlNWQ1YTJlIn0=", "expire_date": "2019-06-23T06:28:48.037Z"}}, {"model": "sessions.session", "pk": "lvwx9osiusvmhwwhp17829y9cv3ydcvr", "fields": {"session_data": "ZjBlYjY4YmY0MDE2ZjQ3OWYwNDRkNzIxZmFjM2YxM2ZkMGYwOWY5Mzp7Il9hdXRoX3VzZXJfaWQiOiI0IiwiX2F1dGhfdXNlcl9iYWNrZW5kIjoiZGphbmdvLmNvbnRyaWIuYXV0aC5iYWNrZW5kcy5Nb2RlbEJhY2tlbmQiLCJfYXV0aF91c2VyX2hhc2giOiJlZDEzYWYzYjJkYWI5MDNiOWE3ZGVmNzI0Y2E0ZDcyMTgwMDE1OTM5In0=", "expire_date": "2019-06-21T22:50:27.727Z"}}, {"model": "sessions.session", "pk": "lyhw7cjdb244s6m98i70ta3xqzk3hn3k", "fields": {"session_data": "YWZhNDMzNGNjMDE3MGFmNGIzMzVhMjIzOTdjNzg1MWMxZGI1YmRhYTp7fQ==", "expire_date": "2019-06-23T11:24:28.758Z"}}, {"model": "sessions.session", "pk": "m2xjhm9w47uijxn54sf0zhuxgo803stx", "fields": {"session_data": "ZjBlYjY4YmY0MDE2ZjQ3OWYwNDRkNzIxZmFjM2YxM2ZkMGYwOWY5Mzp7Il9hdXRoX3VzZXJfaWQiOiI0IiwiX2F1dGhfdXNlcl9iYWNrZW5kIjoiZGphbmdvLmNvbnRyaWIuYXV0aC5iYWNrZW5kcy5Nb2RlbEJhY2tlbmQiLCJfYXV0aF91c2VyX2hhc2giOiJlZDEzYWYzYjJkYWI5MDNiOWE3ZGVmNzI0Y2E0ZDcyMTgwMDE1OTM5In0=", "expire_date": "2019-06-22T00:17:00.166Z"}}, {"model": "sessions.session", "pk": "n1qnt4uretndunf71hu2htrzppvx3sdy", "fields": {"session_data": "ZjBlYjY4YmY0MDE2ZjQ3OWYwNDRkNzIxZmFjM2YxM2ZkMGYwOWY5Mzp7Il9hdXRoX3VzZXJfaWQiOiI0IiwiX2F1dGhfdXNlcl9iYWNrZW5kIjoiZGphbmdvLmNvbnRyaWIuYXV0aC5iYWNrZW5kcy5Nb2RlbEJhY2tlbmQiLCJfYXV0aF91c2VyX2hhc2giOiJlZDEzYWYzYjJkYWI5MDNiOWE3ZGVmNzI0Y2E0ZDcyMTgwMDE1OTM5In0=", "expire_date": "2019-06-21T23:49:43.667Z"}}, {"model": "sessions.session", "pk": "netywy3km1j3cwqu7yqkk7kot5821vft", "fields": {"session_data": "YWZhNDMzNGNjMDE3MGFmNGIzMzVhMjIzOTdjNzg1MWMxZGI1YmRhYTp7fQ==", "expire_date": "2019-06-23T19:43:07.797Z"}}, {"model": "sessions.session", "pk": "nsez10acmgu7ec0unsde65iv1uqb4z0d", "fields": {"session_data": "MmJhMWYwYjA4Mjg4OWE4ZTc1YzBlOTRhNzQzYzgwMmMzYzJhODRmMDp7Il9hdXRoX3VzZXJfaWQiOiI1IiwiX2F1dGhfdXNlcl9iYWNrZW5kIjoiZGphbmdvLmNvbnRyaWIuYXV0aC5iYWNrZW5kcy5Nb2RlbEJhY2tlbmQiLCJfYXV0aF91c2VyX2hhc2giOiIxN2M2NzY0ZTJjZWYxOGI1NTUyNWRhZTg1ZDUyOWE5ZTI1MjUxMDU2In0=", "expire_date": "2019-06-21T06:17:40.925Z"}}, {"model": "sessions.session", "pk": "o1o9jejifn4sjj3cnlv01gfd9xhfa0wl", "fields": {"session_data": "YWZhNDMzNGNjMDE3MGFmNGIzMzVhMjIzOTdjNzg1MWMxZGI1YmRhYTp7fQ==", "expire_date": "2019-06-23T19:51:35.272Z"}}, {"model": "sessions.session", "pk": "p035owhwaogya6rp9gfyht6gl8yyl2wr", "fields": {"session_data": "YWZhNDMzNGNjMDE3MGFmNGIzMzVhMjIzOTdjNzg1MWMxZGI1YmRhYTp7fQ==", "expire_date": "2019-06-23T11:32:07.408Z"}}, {"model": "sessions.session", "pk": "p17p40numaknvl3tcqop6l72x4kb6akr", "fields": {"session_data": "ZjBlYjY4YmY0MDE2ZjQ3OWYwNDRkNzIxZmFjM2YxM2ZkMGYwOWY5Mzp7Il9hdXRoX3VzZXJfaWQiOiI0IiwiX2F1dGhfdXNlcl9iYWNrZW5kIjoiZGphbmdvLmNvbnRyaWIuYXV0aC5iYWNrZW5kcy5Nb2RlbEJhY2tlbmQiLCJfYXV0aF91c2VyX2hhc2giOiJlZDEzYWYzYjJkYWI5MDNiOWE3ZGVmNzI0Y2E0ZDcyMTgwMDE1OTM5In0=", "expire_date": "2019-06-21T23:43:02.655Z"}}, {"model": "sessions.session", "pk": "p56zb9d3h6o8pjzko2xnxyn83dattzax", "fields": {"session_data": "YWZhNDMzNGNjMDE3MGFmNGIzMzVhMjIzOTdjNzg1MWMxZGI1YmRhYTp7fQ==", "expire_date": "2019-06-23T11:25:54.803Z"}}, {"model": "sessions.session", "pk": "pfiuac6ho261mr07h39b15dpcarhoxhn", "fields": {"session_data": "ZjBlYjY4YmY0MDE2ZjQ3OWYwNDRkNzIxZmFjM2YxM2ZkMGYwOWY5Mzp7Il9hdXRoX3VzZXJfaWQiOiI0IiwiX2F1dGhfdXNlcl9iYWNrZW5kIjoiZGphbmdvLmNvbnRyaWIuYXV0aC5iYWNrZW5kcy5Nb2RlbEJhY2tlbmQiLCJfYXV0aF91c2VyX2hhc2giOiJlZDEzYWYzYjJkYWI5MDNiOWE3ZGVmNzI0Y2E0ZDcyMTgwMDE1OTM5In0=", "expire_date": "2019-06-23T06:30:40.859Z"}}, {"model": "sessions.session", "pk": "pkc00rejvg70uzs50wfcfgelsjbya5ez", "fields": {"session_data": "ZjBlYjY4YmY0MDE2ZjQ3OWYwNDRkNzIxZmFjM2YxM2ZkMGYwOWY5Mzp7Il9hdXRoX3VzZXJfaWQiOiI0IiwiX2F1dGhfdXNlcl9iYWNrZW5kIjoiZGphbmdvLmNvbnRyaWIuYXV0aC5iYWNrZW5kcy5Nb2RlbEJhY2tlbmQiLCJfYXV0aF91c2VyX2hhc2giOiJlZDEzYWYzYjJkYWI5MDNiOWE3ZGVmNzI0Y2E0ZDcyMTgwMDE1OTM5In0=", "expire_date": "2019-06-23T04:09:49.079Z"}}, {"model": "sessions.session", "pk": "pmja7z37j6uw4a2tigp9700wfbig07e9", "fields": {"session_data": "YWZhNDMzNGNjMDE3MGFmNGIzMzVhMjIzOTdjNzg1MWMxZGI1YmRhYTp7fQ==", "expire_date": "2019-06-23T11:27:41.978Z"}}, {"model": "sessions.session", "pk": "pn6td3jfq6lv9ryc5wngkjbjo10s32ft", "fields": {"session_data": "ZjBlYjY4YmY0MDE2ZjQ3OWYwNDRkNzIxZmFjM2YxM2ZkMGYwOWY5Mzp7Il9hdXRoX3VzZXJfaWQiOiI0IiwiX2F1dGhfdXNlcl9iYWNrZW5kIjoiZGphbmdvLmNvbnRyaWIuYXV0aC5iYWNrZW5kcy5Nb2RlbEJhY2tlbmQiLCJfYXV0aF91c2VyX2hhc2giOiJlZDEzYWYzYjJkYWI5MDNiOWE3ZGVmNzI0Y2E0ZDcyMTgwMDE1OTM5In0=", "expire_date": "2019-06-21T04:33:47.354Z"}}, {"model": "sessions.session", "pk": "pqmidjvpd8iw16mv18k46gf1h5kz8b67", "fields": {"session_data": "YWZhNDMzNGNjMDE3MGFmNGIzMzVhMjIzOTdjNzg1MWMxZGI1YmRhYTp7fQ==", "expire_date": "2019-06-23T19:54:09.229Z"}}, {"model": "sessions.session", "pk": "pyws60u4iabamp91z7mw3q8fe6ymsvfw", "fields": {"session_data": "MmJhMWYwYjA4Mjg4OWE4ZTc1YzBlOTRhNzQzYzgwMmMzYzJhODRmMDp7Il9hdXRoX3VzZXJfaWQiOiI1IiwiX2F1dGhfdXNlcl9iYWNrZW5kIjoiZGphbmdvLmNvbnRyaWIuYXV0aC5iYWNrZW5kcy5Nb2RlbEJhY2tlbmQiLCJfYXV0aF91c2VyX2hhc2giOiIxN2M2NzY0ZTJjZWYxOGI1NTUyNWRhZTg1ZDUyOWE5ZTI1MjUxMDU2In0=", "expire_date": "2019-06-21T04:39:26.916Z"}}, {"model": "sessions.session", "pk": "qdqh3ir7m3kj4316bh7zngc7uw39jprl", "fields": {"session_data": "ZjBlYjY4YmY0MDE2ZjQ3OWYwNDRkNzIxZmFjM2YxM2ZkMGYwOWY5Mzp7Il9hdXRoX3VzZXJfaWQiOiI0IiwiX2F1dGhfdXNlcl9iYWNrZW5kIjoiZGphbmdvLmNvbnRyaWIuYXV0aC5iYWNrZW5kcy5Nb2RlbEJhY2tlbmQiLCJfYXV0aF91c2VyX2hhc2giOiJlZDEzYWYzYjJkYWI5MDNiOWE3ZGVmNzI0Y2E0ZDcyMTgwMDE1OTM5In0=", "expire_date": "2019-06-21T22:35:47.712Z"}}, {"model": "sessions.session", "pk": "qj9kyomofx5wo3ac6zhkkpmujurizmlz", "fields": {"session_data": "YWZhNDMzNGNjMDE3MGFmNGIzMzVhMjIzOTdjNzg1MWMxZGI1YmRhYTp7fQ==", "expire_date": "2019-06-23T11:29:16.529Z"}}, {"model": "sessions.session", "pk": "qrh2li106g8ve57c46eil7s9ix2v4bzd", "fields": {"session_data": "ZjBlYjY4YmY0MDE2ZjQ3OWYwNDRkNzIxZmFjM2YxM2ZkMGYwOWY5Mzp7Il9hdXRoX3VzZXJfaWQiOiI0IiwiX2F1dGhfdXNlcl9iYWNrZW5kIjoiZGphbmdvLmNvbnRyaWIuYXV0aC5iYWNrZW5kcy5Nb2RlbEJhY2tlbmQiLCJfYXV0aF91c2VyX2hhc2giOiJlZDEzYWYzYjJkYWI5MDNiOWE3ZGVmNzI0Y2E0ZDcyMTgwMDE1OTM5In0=", "expire_date": "2019-06-21T04:38:08.659Z"}}, {"model": "sessions.session", "pk": "r6v0rpgp34oxdvu1ccoyug06kz9vjgbi", "fields": {"session_data": "ZjBlYjY4YmY0MDE2ZjQ3OWYwNDRkNzIxZmFjM2YxM2ZkMGYwOWY5Mzp7Il9hdXRoX3VzZXJfaWQiOiI0IiwiX2F1dGhfdXNlcl9iYWNrZW5kIjoiZGphbmdvLmNvbnRyaWIuYXV0aC5iYWNrZW5kcy5Nb2RlbEJhY2tlbmQiLCJfYXV0aF91c2VyX2hhc2giOiJlZDEzYWYzYjJkYWI5MDNiOWE3ZGVmNzI0Y2E0ZDcyMTgwMDE1OTM5In0=", "expire_date": "2019-06-21T04:17:53.249Z"}}, {"model": "sessions.session", "pk": "sesa6iwapopeo3gjkwrzoga2g8dlyx2e", "fields": {"session_data": "YWZhNDMzNGNjMDE3MGFmNGIzMzVhMjIzOTdjNzg1MWMxZGI1YmRhYTp7fQ==", "expire_date": "2019-06-23T19:56:31.469Z"}}, {"model": "sessions.session", "pk": "srdll3vab4i48st1ahg25kqly2ybeo1j", "fields": {"session_data": "ZjBlYjY4YmY0MDE2ZjQ3OWYwNDRkNzIxZmFjM2YxM2ZkMGYwOWY5Mzp7Il9hdXRoX3VzZXJfaWQiOiI0IiwiX2F1dGhfdXNlcl9iYWNrZW5kIjoiZGphbmdvLmNvbnRyaWIuYXV0aC5iYWNrZW5kcy5Nb2RlbEJhY2tlbmQiLCJfYXV0aF91c2VyX2hhc2giOiJlZDEzYWYzYjJkYWI5MDNiOWE3ZGVmNzI0Y2E0ZDcyMTgwMDE1OTM5In0=", "expire_date": "2019-06-21T22:46:46.628Z"}}, {"model": "sessions.session", "pk": "tazvqmeozjqty3rz6uzcb4xxkrvf2sqc", "fields": {"session_data": "ZjBlYjY4YmY0MDE2ZjQ3OWYwNDRkNzIxZmFjM2YxM2ZkMGYwOWY5Mzp7Il9hdXRoX3VzZXJfaWQiOiI0IiwiX2F1dGhfdXNlcl9iYWNrZW5kIjoiZGphbmdvLmNvbnRyaWIuYXV0aC5iYWNrZW5kcy5Nb2RlbEJhY2tlbmQiLCJfYXV0aF91c2VyX2hhc2giOiJlZDEzYWYzYjJkYWI5MDNiOWE3ZGVmNzI0Y2E0ZDcyMTgwMDE1OTM5In0=", "expire_date": "2019-06-23T06:30:14.424Z"}}, {"model": "sessions.session", "pk": "txa6vutz0uo0evdojlxy15snm1h4lvb8", "fields": {"session_data": "ZjBlYjY4YmY0MDE2ZjQ3OWYwNDRkNzIxZmFjM2YxM2ZkMGYwOWY5Mzp7Il9hdXRoX3VzZXJfaWQiOiI0IiwiX2F1dGhfdXNlcl9iYWNrZW5kIjoiZGphbmdvLmNvbnRyaWIuYXV0aC5iYWNrZW5kcy5Nb2RlbEJhY2tlbmQiLCJfYXV0aF91c2VyX2hhc2giOiJlZDEzYWYzYjJkYWI5MDNiOWE3ZGVmNzI0Y2E0ZDcyMTgwMDE1OTM5In0=", "expire_date": "2019-06-21T22:37:18.019Z"}}, {"model": "sessions.session", "pk": "ug1vp2hxu2donaer0cxmr1ebp4tu9xrj", "fields": {"session_data": "ZjBlYjY4YmY0MDE2ZjQ3OWYwNDRkNzIxZmFjM2YxM2ZkMGYwOWY5Mzp7Il9hdXRoX3VzZXJfaWQiOiI0IiwiX2F1dGhfdXNlcl9iYWNrZW5kIjoiZGphbmdvLmNvbnRyaWIuYXV0aC5iYWNrZW5kcy5Nb2RlbEJhY2tlbmQiLCJfYXV0aF91c2VyX2hhc2giOiJlZDEzYWYzYjJkYWI5MDNiOWE3ZGVmNzI0Y2E0ZDcyMTgwMDE1OTM5In0=", "expire_date": "2019-06-21T23:08:03.213Z"}}, {"model": "sessions.session", "pk": "uqbbaf15eg7abh95tqfvh8dly7aey2wi", "fields": {"session_data": "ZjBlYjY4YmY0MDE2ZjQ3OWYwNDRkNzIxZmFjM2YxM2ZkMGYwOWY5Mzp7Il9hdXRoX3VzZXJfaWQiOiI0IiwiX2F1dGhfdXNlcl9iYWNrZW5kIjoiZGphbmdvLmNvbnRyaWIuYXV0aC5iYWNrZW5kcy5Nb2RlbEJhY2tlbmQiLCJfYXV0aF91c2VyX2hhc2giOiJlZDEzYWYzYjJkYWI5MDNiOWE3ZGVmNzI0Y2E0ZDcyMTgwMDE1OTM5In0=", "expire_date": "2019-06-21T22:26:04.806Z"}}, {"model": "sessions.session", "pk": "uql71f35g6bqgyq70csi5be06f8569xt", "fields": {"session_data": "YWZhNDMzNGNjMDE3MGFmNGIzMzVhMjIzOTdjNzg1MWMxZGI1YmRhYTp7fQ==", "expire_date": "2019-06-23T11:22:55.341Z"}}, {"model": "sessions.session", "pk": "vc8xlg1nb9fhbertsz8cw98btrmok589", "fields": {"session_data": "MmJhMWYwYjA4Mjg4OWE4ZTc1YzBlOTRhNzQzYzgwMmMzYzJhODRmMDp7Il9hdXRoX3VzZXJfaWQiOiI1IiwiX2F1dGhfdXNlcl9iYWNrZW5kIjoiZGphbmdvLmNvbnRyaWIuYXV0aC5iYWNrZW5kcy5Nb2RlbEJhY2tlbmQiLCJfYXV0aF91c2VyX2hhc2giOiIxN2M2NzY0ZTJjZWYxOGI1NTUyNWRhZTg1ZDUyOWE5ZTI1MjUxMDU2In0=", "expire_date": "2019-06-21T06:14:33.812Z"}}, {"model": "sessions.session", "pk": "vqo3yq8p52l7xr7d5k4cbqregzypy5y3", "fields": {"session_data": "ZjBlYjY4YmY0MDE2ZjQ3OWYwNDRkNzIxZmFjM2YxM2ZkMGYwOWY5Mzp7Il9hdXRoX3VzZXJfaWQiOiI0IiwiX2F1dGhfdXNlcl9iYWNrZW5kIjoiZGphbmdvLmNvbnRyaWIuYXV0aC5iYWNrZW5kcy5Nb2RlbEJhY2tlbmQiLCJfYXV0aF91c2VyX2hhc2giOiJlZDEzYWYzYjJkYWI5MDNiOWE3ZGVmNzI0Y2E0ZDcyMTgwMDE1OTM5In0=", "expire_date": "2019-06-23T04:08:13.600Z"}}, {"model": "sessions.session", "pk": "w1nt8ajcmgn8f61kcb03ozezmbrp7edp", "fields": {"session_data": "ZjBlYjY4YmY0MDE2ZjQ3OWYwNDRkNzIxZmFjM2YxM2ZkMGYwOWY5Mzp7Il9hdXRoX3VzZXJfaWQiOiI0IiwiX2F1dGhfdXNlcl9iYWNrZW5kIjoiZGphbmdvLmNvbnRyaWIuYXV0aC5iYWNrZW5kcy5Nb2RlbEJhY2tlbmQiLCJfYXV0aF91c2VyX2hhc2giOiJlZDEzYWYzYjJkYWI5MDNiOWE3ZGVmNzI0Y2E0ZDcyMTgwMDE1OTM5In0=", "expire_date": "2019-06-21T22:30:48.690Z"}}, {"model": "sessions.session", "pk": "w5k3c2intxnkfksrvlh9w1f7dglpm1bv", "fields": {"session_data": "ZjBlYjY4YmY0MDE2ZjQ3OWYwNDRkNzIxZmFjM2YxM2ZkMGYwOWY5Mzp7Il9hdXRoX3VzZXJfaWQiOiI0IiwiX2F1dGhfdXNlcl9iYWNrZW5kIjoiZGphbmdvLmNvbnRyaWIuYXV0aC5iYWNrZW5kcy5Nb2RlbEJhY2tlbmQiLCJfYXV0aF91c2VyX2hhc2giOiJlZDEzYWYzYjJkYWI5MDNiOWE3ZGVmNzI0Y2E0ZDcyMTgwMDE1OTM5In0=", "expire_date": "2019-06-23T04:07:02.182Z"}}, {"model": "sessions.session", "pk": "wijkxcbgo66pg4mywxm3b0nw6n6482vr", "fields": {"session_data": "YWZhNDMzNGNjMDE3MGFmNGIzMzVhMjIzOTdjNzg1MWMxZGI1YmRhYTp7fQ==", "expire_date": "2019-06-21T04:16:10.451Z"}}, {"model": "sessions.session", "pk": "wny65z0y6snrlrzjbhx2mgq1jljpcfa2", "fields": {"session_data": "ZjBlYjY4YmY0MDE2ZjQ3OWYwNDRkNzIxZmFjM2YxM2ZkMGYwOWY5Mzp7Il9hdXRoX3VzZXJfaWQiOiI0IiwiX2F1dGhfdXNlcl9iYWNrZW5kIjoiZGphbmdvLmNvbnRyaWIuYXV0aC5iYWNrZW5kcy5Nb2RlbEJhY2tlbmQiLCJfYXV0aF91c2VyX2hhc2giOiJlZDEzYWYzYjJkYWI5MDNiOWE3ZGVmNzI0Y2E0ZDcyMTgwMDE1OTM5In0=", "expire_date": "2019-06-23T06:28:02.632Z"}}, {"model": "sessions.session", "pk": "wuesi2pqetld22ihyg5cewpgba62q01i", "fields": {"session_data": "ZjBlYjY4YmY0MDE2ZjQ3OWYwNDRkNzIxZmFjM2YxM2ZkMGYwOWY5Mzp7Il9hdXRoX3VzZXJfaWQiOiI0IiwiX2F1dGhfdXNlcl9iYWNrZW5kIjoiZGphbmdvLmNvbnRyaWIuYXV0aC5iYWNrZW5kcy5Nb2RlbEJhY2tlbmQiLCJfYXV0aF91c2VyX2hhc2giOiJlZDEzYWYzYjJkYWI5MDNiOWE3ZGVmNzI0Y2E0ZDcyMTgwMDE1OTM5In0=", "expire_date": "2019-06-22T00:51:08.606Z"}}, {"model": "sessions.session", "pk": "y59xgooi3y0vnnyep595ayudh8kez2g1", "fields": {"session_data": "ZjBlYjY4YmY0MDE2ZjQ3OWYwNDRkNzIxZmFjM2YxM2ZkMGYwOWY5Mzp7Il9hdXRoX3VzZXJfaWQiOiI0IiwiX2F1dGhfdXNlcl9iYWNrZW5kIjoiZGphbmdvLmNvbnRyaWIuYXV0aC5iYWNrZW5kcy5Nb2RlbEJhY2tlbmQiLCJfYXV0aF91c2VyX2hhc2giOiJlZDEzYWYzYjJkYWI5MDNiOWE3ZGVmNzI0Y2E0ZDcyMTgwMDE1OTM5In0=", "expire_date": "2019-06-21T22:33:39.011Z"}}, {"model": "sessions.session", "pk": "yh7bwo21loykdd50jd8psjh6mk83x4n7", "fields": {"session_data": "ZjBlYjY4YmY0MDE2ZjQ3OWYwNDRkNzIxZmFjM2YxM2ZkMGYwOWY5Mzp7Il9hdXRoX3VzZXJfaWQiOiI0IiwiX2F1dGhfdXNlcl9iYWNrZW5kIjoiZGphbmdvLmNvbnRyaWIuYXV0aC5iYWNrZW5kcy5Nb2RlbEJhY2tlbmQiLCJfYXV0aF91c2VyX2hhc2giOiJlZDEzYWYzYjJkYWI5MDNiOWE3ZGVmNzI0Y2E0ZDcyMTgwMDE1OTM5In0=", "expire_date": "2019-06-21T22:39:16.637Z"}}, {"model": "sessions.session", "pk": "yh7zygb1g81whejnmk1eyhtcjui1b7el", "fields": {"session_data": "YWZhNDMzNGNjMDE3MGFmNGIzMzVhMjIzOTdjNzg1MWMxZGI1YmRhYTp7fQ==", "expire_date": "2019-06-21T04:05:02.096Z"}}, {"model": "sessions.session", "pk": "zumz84k1puzkszb72hufdsfznkc9tu7r", "fields": {"session_data": "YzI0YjMwN2JjM2ViZTNlZDBjODQwZjc4ZWQxOTk5ODJmZGNlZGQzOTp7Il9hdXRoX3VzZXJfaWQiOiIxMiIsIl9hdXRoX3VzZXJfYmFja2VuZCI6ImRqYW5nby5jb250cmliLmF1dGguYmFja2VuZHMuTW9kZWxCYWNrZW5kIiwiX2F1dGhfdXNlcl9oYXNoIjoiZjFhYTI2ZDhmMjZjMTkwNTA1YmJhY2E0ZjYxYmIyYzBlZTVkNWEyZSJ9", "expire_date": "2019-06-23T06:23:22.262Z"}}, {"model": "chunes_api.tag", "pk": 1, "fields": {"content": "irish"}}, {"model": "chunes_api.tag", "pk": 2, "fields": {"content": "italian"}}, {"model": "chunes_api.tag", "pk": 3, "fields": {"content": "old-time"}}, {"model": "chunes_api.tag", "pk": 4, "fields": {"content": "original"}}, {"model": "chunes_api.tag", "pk": 5, "fields": {"content": "trad"}}, {"model": "chunes_api.tag", "pk": 6, "fields": {"content": "africa"}}, {"model": "chunes_api.tag", "pk": 7, "fields": {"content": "germany"}}, {"model": "chunes_api.tag", "pk": 8, "fields": {"content": "spain"}}, {"model": "chunes_api.tune", "pk": 2, "fields": {"title": "Sta. Orosia", "time_signature": "2/4", "default_note_length": "1/8", "tune_type": null, "key_signature": "C", "additional_info": null, "melody_line": "|:GGGA|B2Bc|A2c2|B2dd|ddgd|e2AA|dddd|G2dd|ddgd|e2AA|\ndddd|G4|dddd|d2cc|c2e2|d2dd|dded|g2dd|ccBA|G2dd|\ndddd|d2cc|BBAA|1G4:|2G2\n dd|:cAdd|BGz d/2d/2|cAdd|\nB2zd/2d/2|cAdd|BGz d/2d/2|cAdd|G2GB|d>Bce|d2cc\n|B>BAA|G2GB|d>Bce|d2cc|B>BAA|1G2dd:|2G2\ne2|:e2ee|e2dd|c2dd|e2ee|eeee|e2dd\n|c2d2|c2e2|A2AA|c2e2|A4|e2d2|1c4-|c2e2:|2c6", "poster": 11, "fork_off": null, "is_public": true, "tags": [8]}}, {"model": "chunes_api.tune", "pk": 3, "fields": {"title": "/4", "time_signature": "/8", "default_note_length": "m", "tune_type": "FG2FA2G2|A2G2FGF2EDD2|DEF2FG2BAGA2|ABcAB2AG2F2|", "key_signature": "2A2GFG2FA2G2|A2G2FGF2EDD2>|DEF2FG2BAGA2|AccAB2AG2F2|", "additional_info": null, "melody_line": "M:4/4\nL:1/8\nK:Dm\nBAGFG2FA2G2|A2G2FGF2EDD2|DEF2FG2BAGA2|ABcAB2AG2F2|\n|:A2A2GFG2FA2G2|A2G2FGF2EDD2>|DEF2FG2BAGA2|AccAB2AG2F2|\nAAGFG2FA2G2|A2G2FGF2EDD2|DEF2FG2BAGA2|ABcAB2AG2F2:|", "poster": 25, "fork_off": null, "is_public": true, "tags": [8]}}, {"model": "chunes_api.tune", "pk": 4, "fields": {"title": "la Culebra", "time_signature": "2/4", "default_note_length": "1/8", "tune_type": null, "key_signature": "C", "additional_info": null, "melody_line": "|:d>e/d/c/d/e/|dd/d/ de|dc cd|B/c/B/A/ GG:|\nc>d/cB|A2>A/B/|c>B/AB|G>G/GG|\nc>d/cB|A2>G/A/B/c/|d/e/d/c/BA|G2|", "poster": 25, "fork_off": null, "is_public": true, "tags": [8]}}, {"model": "chunes_api.tune", "pk": 5, "fields": {"title": "tran,tran, trala", "time_signature": "2/4", "default_note_length": "1/8", "tune_type": null, "key_signature": "C", "additional_info": null, "melody_line": "|:Gd|dBGd|dBGd|de^fe/2d/2|c2 \n  Dc|cADc|cADc|cded/2c/2|B2\n  Gd|dBGd|dBGd|de^fe/2d/2|c2 \n  Dc|cADc|cADc|cded/2c/2|B2 :|", "poster": 28, "fork_off": null, "is_public": true, "tags": [8]}}, {"model": "chunes_api.tune", "pk": 8, "fields": {"title": "happy birdtadh", "time_signature": "4/4", "default_note_length": "1/4", "tune_type": "waltz", "key_signature": "C", "additional_info": null, "melody_line": "|: gGfFee|gbbgbg|\n|geeaeaeeeddddd:|\n    ", "poster": 25, "fork_off": null, "is_public": false, "tags": []}}, {"model": "chunes_api.tune", "pk": 9, "fields": {"title": "pada boo ray", "time_signature": "4/4", "default_note_length": "1/4", "tune_type": "hot dog", "key_signature": "C", "additional_info": null, "melody_line": "T: pada boo ray\nM: 4/4\nL: 1/4\nR: hot dog\nK: C\n|:aBc Def|bbcc:|\n    ", "poster": 25, "fork_off": null, "is_public": true, "tags": []}}, {"model": "chunes_api.tune", "pk": 10, "fields": {"title": "magic mellon", "time_signature": "4/4", "default_note_length": "1/8", "tune_type": "polka", "key_signature": "Dmin", "additional_info": null, "melody_line": "T: magic mellon\nM: 4/4\nL: 1/8\nR: polka\nK: Dmin\n|:ggGG|abcdef:|\n    ", "poster": 25, "fork_off": null, "is_public": true, "tags": []}}, {"model": "chunes_api.tune", "pk": 11, "fields": {"title": "uidando las ovejas", "time_signature": "/4", "default_note_length": "/16", "tune_type": "m", "key_signature": "3fgfe2(3ded|c2>fgagf|e2efdcde|c2>ggagf|e2efdcde|c4c2cd", "additional_info": null, "melody_line": "T:Cuidando las ovejas\nM:2/4\nL:1/16\nK:Cm\ng2(3fgfe2(3ded|c2>fgagf|e2efdcde|c2>ggagf|e2efdcde|c4c2cd\n|:(3e2e2g2f2d2|e2e2c2cd|(3e2e2g2f2d2|e2e2gagf|e2efe2d2|c2c2cBcd|\ne2egfedf|e4cBcd|e2egfedf|e2>fgagf|e2efdcde|c2>ggagf|e2f2dcde \n1|c4c2cd :|2c6", "poster": 25, "fork_off": null, "is_public": true, "tags": []}}, {"model": "chunes_api.tune", "pk": 12, "fields": {"title": "lka", "time_signature": "4", "default_note_length": "16", "tune_type": "", "key_signature": "olca", "additional_info": null, "melody_line": "M:olka\nL:/4\nR:/16\nK:m\nT:polca\nR:polka\nM:2/4\nL:1/16\nK:Cm\nzB|e2>d c2>B|A2A2 A2zB|d2>c B2>A|G2G2 G2\nzB|e2e2 e2zB|gegg2 d2Bc|d2dc BAGF|E4-E2z2|\nG2B2A2G2|F2ccc2zA|F2ddd2(3cdc|B2eee2z2|\nG2B2A2G2|F2ccc2z2|B2dc BAGF|E4-E2:|", "poster": 25, "fork_off": null, "is_public": true, "tags": []}}, {"model": "chunes_api.tune", "pk": 13, "fields": {"title": "olca", "time_signature": "olka", "default_note_length": "/4", "tune_type": "/16", "key_signature": "m", "additional_info": null, "melody_line": "T:polca\nR:polka\nM:2/4\nL:1/16\nK:Cm\nzB|e2>d c2>B|A2A2 A2zB|d2>c B2>A|G2G2 G2\nzB|e2e2 e2zB|d2d2 d2Bc|d2dc BAGF|E4-E2z2|\nG2B2A2G2|F2ccc2zA|F2ddd2(3cdc|B2eee2z2|\nG2B2A2G2|F2ccc2z2|B2dc BAGF|E4-E2:|", "poster": 25, "fork_off": null, "is_public": true, "tags": []}}, {"model": "chunes_api.tune", "pk": 14, "fields": {"title": "happey", "time_signature": "3/4", "default_note_length": "1/4", "tune_type": "waltz", "key_signature": "D", "additional_info": null, "melody_line": "T: happey\nM: 3/4\nL: 1/4\nR: waltz\nK: D\n|A/2A/2|BAd|c2A/2A/2|\n    ", "poster": 25, "fork_off": null, "is_public": true, "tags": []}}, {"model": "chunes_api.tune", "pk": 15, "fields": {"title": "pada boo ray", "time_signature": "4/4", "default_note_length": "1/4", "tune_type": "hot dog", "key_signature": "b", "additional_info": null, "melody_line": "T: pada boo ray\nM: 4/4\nL: 1/4\nR: hot dog\nK: b\n|:eebb|BBcde|FGAB|BcBA|\n    ", "poster": 31, "fork_off": null, "is_public": true, "tags": []}}, {"model": "chunes_api.library", "pk": 1, "fields": {"profile": 25, "tunes": [2, 3, 4, 8, 9, 10, 11, 12, 13, 14]}}, {"model": "chunes_api.library", "pk": 2, "fields": {"profile": 28, "tunes": [5]}}, {"model": "chunes_api.library", "pk": 3, "fields": {"profile": 11, "tunes": [2]}}, {"model": "chunes_api.library", "pk": 4, "fields": {"profile": 29, "tunes": []}}, {"model": "chunes_api.library", "pk": 5, "fields": {"profile": 30, "tunes": []}}, {"model": "chunes_api.library", "pk": 6, "fields": {"profile": 31, "tunes": [15]}}, {"model": "chunes_api.post", "pk": 1, "fields": {"poster": 11, "tune": 2, "content": "just like the tune", "media": null, "time_stamp": "2019-05-20T22:00:00Z"}}, {"model": "auth.permission", "pk": 1, "fields": {"name": "Can add log entry", "content_type": 1, "codename": "add_logentry"}}, {"model": "auth.permission", "pk": 2, "fields": {"name": "Can change log entry", "content_type": 1, "codename": "change_logentry"}}, {"model": "auth.permission", "pk": 3, "fields": {"name": "Can delete log entry", "content_type": 1, "codename": "delete_logentry"}}, {"model": "auth.permission", "pk": 4, "fields": {"name": "Can view log entry", "content_type": 1, "codename": "view_logentry"}}, {"model": "auth.permission", "pk": 5, "fields": {"name": "Can add permission", "content_type": 2, "codename": "add_permission"}}, {"model": "auth.permission", "pk": 6, "fields": {"name": "Can change permission", "content_type": 2, "codename": "change_permission"}}, {"model": "auth.permission", "pk": 7, "fields": {"name": "Can delete permission", "content_type": 2, "codename": "delete_permission"}}, {"model": "auth.permission", "pk": 8, "fields": {"name": "Can view permission", "content_type": 2, "codename": "view_permission"}}, {"model": "auth.permission", "pk": 9, "fields": {"name": "Can add group", "content_type": 3, "codename": "add_group"}}, {"model": "auth.permission", "pk": 10, "fields": {"name": "Can change group", "content_type": 3, "codename": "change_group"}}, {"model": "auth.permission", "pk": 11, "fields": {"name": "Can delete group", "content_type": 3, "codename": "delete_group"}}, {"model": "auth.permission", "pk": 12, "fields": {"name": "Can view group", "content_type": 3, "codename": "view_group"}}, {"model": "auth.permission", "pk": 13, "fields": {"name": "Can add user", "content_type": 4, "codename": "add_user"}}, {"model": "auth.permission", "pk": 14, "fields": {"name": "Can change user", "content_type": 4, "codename": "change_user"}}, {"model": "auth.permission", "pk": 15, "fields": {"name": "Can delete user", "content_type": 4, "codename": "delete_user"}}, {"model": "auth.permission", "pk": 16, "fields": {"name": "Can view user", "content_type": 4, "codename": "view_user"}}, {"model": "auth.permission", "pk": 17, "fields": {"name": "Can add content type", "content_type": 5, "codename": "add_contenttype"}}, {"model": "auth.permission", "pk": 18, "fields": {"name": "Can change content type", "content_type": 5, "codename": "change_contenttype"}}, {"model": "auth.permission", "pk": 19, "fields": {"name": "Can delete content type", "content_type": 5, "codename": "delete_contenttype"}}, {"model": "auth.permission", "pk": 20, "fields": {"name": "Can view content type", "content_type": 5, "codename": "view_contenttype"}}, {"model": "auth.permission", "pk": 21, "fields": {"name": "Can add session", "content_type": 6, "codename": "add_session"}}, {"model": "auth.permission", "pk": 22, "fields": {"name": "Can change session", "content_type": 6, "codename": "change_session"}}, {"model": "auth.permission", "pk": 23, "fields": {"name": "Can delete session", "content_type": 6, "codename": "delete_session"}}, {"model": "auth.permission", "pk": 24, "fields": {"name": "Can view session", "content_type": 6, "codename": "view_session"}}, {"model": "auth.permission", "pk": 25, "fields": {"name": "Can add tag", "content_type": 7, "codename": "add_tag"}}, {"model": "auth.permission", "pk": 26, "fields": {"name": "Can change tag", "content_type": 7, "codename": "change_tag"}}, {"model": "auth.permission", "pk": 27, "fields": {"name": "Can delete tag", "content_type": 7, "codename": "delete_tag"}}, {"model": "auth.permission", "pk": 28, "fields": {"name": "Can view tag", "content_type": 7, "codename": "view_tag"}}, {"model": "auth.permission", "pk": 29, "fields": {"name": "Can add tune", "content_type": 8, "codename": "add_tune"}}, {"model": "auth.permission", "pk": 30, "fields": {"name": "Can change tune", "content_type": 8, "codename": "change_tune"}}, {"model": "auth.permission", "pk": 31, "fields": {"name": "Can delete tune", "content_type": 8, "codename": "delete_tune"}}, {"model": "auth.permission", "pk": 32, "fields": {"name": "Can view tune", "content_type": 8, "codename": "view_tune"}}, {"model": "auth.permission", "pk": 33, "fields": {"name": "Can add post", "content_type": 9, "codename": "add_post"}}, {"model": "auth.permission", "pk": 34, "fields": {"name": "Can change post", "content_type": 9, "codename": "change_post"}}, {"model": "auth.permission", "pk": 35, "fields": {"name": "Can delete post", "content_type": 9, "codename": "delete_post"}}, {"model": "auth.permission", "pk": 36, "fields": {"name": "Can view post", "content_type": 9, "codename": "view_post"}}, {"model": "auth.permission", "pk": 37, "fields": {"name": "Can add library", "content_type": 10, "codename": "add_library"}}, {"model": "auth.permission", "pk": 38, "fields": {"name": "Can change library", "content_type": 10, "codename": "change_library"}}, {"model": "auth.permission", "pk": 39, "fields": {"name": "Can delete library", "content_type": 10, "codename": "delete_library"}}, {"model": "auth.permission", "pk": 40, "fields": {"name": "Can view library", "content_type": 10, "codename": "view_library"}}, {"model": "auth.permission", "pk": 41, "fields": {"name": "Can add comment", "content_type": 11, "codename": "add_comment"}}, {"model": "auth.permission", "pk": 42, "fields": {"name": "Can change comment", "content_type": 11, "codename": "change_comment"}}, {"model": "auth.permission", "pk": 43, "fields": {"name": "Can delete comment", "content_type": 11, "codename": "delete_comment"}}, {"model": "auth.permission", "pk": 44, "fields": {"name": "Can view comment", "content_type": 11, "codename": "view_comment"}}, {"model": "auth.permission", "pk": 45, "fields": {"name": "Can add profile", "content_type": 12, "codename": "add_profile"}}, {"model": "auth.permission", "pk": 46, "fields": {"name": "Can change profile", "content_type": 12, "codename": "change_profile"}}, {"model": "auth.permission", "pk": 47, "fields": {"name": "Can delete profile", "content_type": 12, "codename": "delete_profile"}}, {"model": "auth.permission", "pk": 48, "fields": {"name": "Can view profile", "content_type": 12, "codename": "view_profile"}}, {"model": "auth.permission", "pk": 49, "fields": {"name": "Can add tag", "content_type": 13, "codename": "add_tag"}}, {"model": "auth.permission", "pk": 50, "fields": {"name": "Can change tag", "content_type": 13, "codename": "change_tag"}}, {"model": "auth.permission", "pk": 51, "fields": {"name": "Can delete tag", "content_type": 13, "codename": "delete_tag"}}, {"model": "auth.permission", "pk": 52, "fields": {"name": "Can view tag", "content_type": 13, "codename": "view_tag"}}, {"model": "auth.permission", "pk": 53, "fields": {"name": "Can add tune", "content_type": 14, "codename": "add_tune"}}, {"model": "auth.permission", "pk": 54, "fields": {"name": "Can change tune", "content_type": 14, "codename": "change_tune"}}, {"model": "auth.permission", "pk": 55, "fields": {"name": "Can delete tune", "content_type": 14, "codename": "delete_tune"}}, {"model": "auth.permission", "pk": 56, "fields": {"name": "Can view tune", "content_type": 14, "codename": "view_tune"}}, {"model": "auth.permission", "pk": 57, "fields": {"name": "Can add post", "content_type": 15, "codename": "add_post"}}, {"model": "auth.permission", "pk": 58, "fields": {"name": "Can change post", "content_type": 15, "codename": "change_post"}}, {"model": "auth.permission", "pk": 59, "fields": {"name": "Can delete post", "content_type": 15, "codename": "delete_post"}}, {"model": "auth.permission", "pk": 60, "fields": {"name": "Can view post", "content_type": 15, "codename": "view_post"}}, {"model": "auth.permission", "pk": 61, "fields": {"name": "Can add library", "content_type": 16, "codename": "add_library"}}, {"model": "auth.permission", "pk": 62, "fields": {"name": "Can change library", "content_type": 16, "codename": "change_library"}}, {"model": "auth.permission", "pk": 63, "fields": {"name": "Can delete library", "content_type": 16, "codename": "delete_library"}}, {"model": "auth.permission", "pk": 64, "fields": {"name": "Can view library", "content_type": 16, "codename": "view_library"}}, {"model": "auth.permission", "pk": 65, "fields": {"name": "Can add comment", "content_type": 17, "codename": "add_comment"}}, {"model": "auth.permission", "pk": 66, "fields": {"name": "Can change comment", "content_type": 17, "codename": "change_comment"}}, {"model": "auth.permission", "pk": 67, "fields": {"name": "Can delete comment", "content_type": 17, "codename": "delete_comment"}}, {"model": "auth.permission", "pk": 68, "fields": {"name": "Can view comment", "content_type": 17, "codename": "view_comment"}}, {"model": "auth.user", "pk": 1, "fields": {"password": "pbkdf2_sha256$150000$IWAELgq3ChVg$9/cYOf6E+1r2D9ctl0ESEzvxsj289LNBhTm4V1PSItA=", "last_login": "2019-06-13T19:33:38.517Z", "is_superuser": true, "username": "zack", "first_name": "", "last_name": "", "email": "zack@zack.zack", "is_staff": true, "is_active": true, "date_joined": "2019-06-06T07:35:57.306Z", "groups": [], "user_permissions": []}}, {"model": "auth.user", "pk": 2, "fields": {"password": "pbkdf2_sha256$150000$0D1qv5f05A03$suDd4IRvx3fqdcWc9qu1k2iA8MsAJBDlqYyt5PZKfrM=", "last_login": "2019-06-07T04:05:47.993Z", "is_superuser": false, "username": "ijijijijijij", "first_name": "jijijijij", "last_name": "jijijijijijij", "email": "ijij@fji.cok", "is_staff": false, "is_active": true, "date_joined": "2019-06-07T03:43:03.255Z", "groups": [], "user_permissions": []}}, {"model": "auth.user", "pk": 3, "fields": {"password": "pbkdf2_sha256$150000$ZJrCrzRsFRBY$5Ffe6LpYiUbsH826RkppZ2mB03Jug+vN1q+ipaje360=", "last_login": "2019-06-07T04:08:22.163Z", "is_superuser": false, "username": "max", "first_name": "max", "last_name": "max", "email": "max@max.max", "is_staff": false, "is_active": true, "date_joined": "2019-06-07T04:06:48.337Z", "groups": [], "user_permissions": []}}, {"model": "auth.user", "pk": 4, "fields": {"password": "pbkdf2_sha256$150000$RAeLyzIEq4Id$vYtmNTs+ST8QIuTGhX4gXwTqxi38tuW+WpMfEghFbmY=", "last_login": "2019-06-09T19:48:02.597Z", "is_superuser": false, "username": "jmurv", "first_name": "junior", "last_name": "murvin", "email": "merv@in.in", "is_staff": false, "is_active": true, "date_joined": "2019-06-07T04:10:26.374Z", "groups": [], "user_permissions": []}}, {"model": "auth.user", "pk": 5, "fields": {"password": "pbkdf2_sha256$150000$zoACKqMfCNJN$qsDfJgTsspJP1DCqQxx0pD18hU3R5A1oTYQJA/HkEW8=", "last_login": "2019-06-07T06:17:40.921Z", "is_superuser": false, "username": "hopalong", "first_name": "junior", "last_name": "murvin", "email": "hoho@hoho.cm", "is_staff": false, "is_active": true, "date_joined": "2019-06-07T04:11:39.169Z", "groups": [], "user_permissions": []}}, {"model": "auth.user", "pk": 12, "fields": {"password": "pbkdf2_sha256$150000$IWAELgq3ChVg$9/cYOf6E+1r2D9ctl0ESEzvxsj289LNBhTm4V1PSItA=", "last_login": "2019-06-13T19:39:35.838Z", "is_superuser": false, "username": "marcoco", "first_name": "Marcomir", "last_name": "Bracegirdle", "email": "marcomir_bradegirdle@theshire.com", "is_staff": false, "is_active": true, "date_joined": "2019-05-23T04:51:20.905Z", "groups": [], "user_permissions": []}}, {"model": "auth.user", "pk": 20, "fields": {"password": "pbkdf2_sha256$150000$0D1qv5f05A03$suDd4IRvx3fqdcWc9qu1k2iA8MsAJBDlqYyt5PZKfrM=", "last_login": "2019-05-23T04:51:42.885Z", "is_superuser": false, "username": "pickles", "first_name": "Pickle", "last_name": "Salad", "email": "pickles@jar.com", "is_staff": false, "is_active": true, "date_joined": "2019-05-23T04:51:20.905Z", "groups": [], "user_permissions": []}}, {"model": "auth.user", "pk": 22, "fields": {"password": "pbkdf2_sha256$150000$ZJrCrzRsFRBY$5Ffe6LpYiUbsH826RkppZ2mB03Jug+vN1q+ipaje360=", "last_login": "2019-05-23T04:51:42.885Z", "is_superuser": false, "username": "peanut_mom", "first_name": "Mariah", "last_name": "Mentel", "email": "mariah@steelandlacquer.com", "is_staff": false, "is_active": true, "date_joined": "2019-05-23T04:51:20.905Z", "groups": [], "user_permissions": []}}, {"model": "auth.user", "pk": 23, "fields": {"password": "pbkdf2_sha256$150000$zxBgVRaAlHs5$yGoUJgD2CW5YSrxj8o0D31khfm9LR1rM3vVCvu0kljk=", "last_login": "2019-06-09T07:55:11.381Z", "is_superuser": false, "username": "heyo", "first_name": "Zachary", "last_name": "Suess", "email": "kaa@gogok.loo", "is_staff": false, "is_active": true, "date_joined": "2019-06-09T07:53:55.056Z", "groups": [], "user_permissions": []}}, {"model": "auth.user", "pk": 24, "fields": {"password": "pbkdf2_sha256$150000$DNYBK3bMAwbe$qyuieC2eRkGv+XH1p1zvn293cQWLgB6c46RTq+QbfwY=", "last_login": "2019-06-10T18:11:35.957Z", "is_superuser": false, "username": "momdad", "first_name": "mom", "last_name": "dad", "email": "mom@dad.com", "is_staff": false, "is_active": true, "date_joined": "2019-06-10T18:11:08.695Z", "groups": [], "user_permissions": []}}, {"model": "auth.user", "pk": 25, "fields": {"password": "pbkdf2_sha256$150000$BDCFCWwxvVX4$MZ8ZhH9VDxjhGL4wFMd1Db9iYKdXFXf67f4KZ+c2AFc=", "last_login": "2019-06-10T20:08:55.654Z", "is_superuser": false, "username": "bugbug", "first_name": "bug", "last_name": "bug", "email": "bug@bug.bug", "is_staff": false, "is_active": true, "date_joined": "2019-06-10T20:08:43.364Z", "groups": [], "user_permissions": []}}, {"model": "accounts.profile", "pk": 1, "fields": {"user": 1, "email_public": false, "location": null, "website": null}}, {"model": "accounts.profile", "pk": 2, "fields": {"user": 2, "email_public": false, "location": null, "website": null}}, {"model": "accounts.profile", "pk": 3, "fields": {"user": 3, "email_public": false, "location": null, "website": null}}, {"model": "accounts.profile", "pk": 4, "fields": {"user": 4, "email_public": false, "location": null, "website": null}}, {"model": "accounts.profile", "pk": 5, "fields": {"user": 5, "email_public": false, "location": null, "website": null}}, {"model": "accounts.profile", "pk": 11, "fields": {"user": 22, "email_public": false, "location": "San Francisco, CA", "website": "www.google.com"}}, {"model": "accounts.profile", "pk": 25, "fields": {"user": 12, "email_public": true, "location": "San Francisco, CA", "website": "www.google.com"}}, {"model": "accounts.profile", "pk": 28, "fields": {"user": 20, "email_public": true, "location": "San Francisco, CA", "website": "www.google.com"}}, {"model": "accounts.profile", "pk": 29, "fields": {"user": 23, "email_public": false, "location": null, "website": null}}, {"model": "accounts.profile", "pk": 30, "fields": {"user": 24, "email_public": false, "location": null, "website": null}}, {"model": "accounts.profile", "pk": 31, "fields": {"user": 25, "email_public": false, "location": null, "website": null}}, {"model": "admin.logentry", "pk": 1, "fields": {"action_time": "2019-06-13T19:39:14.113Z", "user": 1, "content_type": 14, "object_id": "7", "object_repr": "", "action_flag": 3, "change_message": ""}}, {"model": "admin.logentry", "pk": 2, "fields": {"action_time": "2019-06-13T19:39:14.515Z", "user": 1, "content_type": 14, "object_id": "6", "object_repr": "", "action_flag": 3, "change_message": ""}}]